³µÁ¾±àÂë,mileage,avg_speed,sd_speed,sd_speed_diff,speed_plus,speed_minus,tired,slip,dscs,plus_rate,minus_rate,tired_rate,slip_rate,dscs_rate
AA00001,6513,62.798773125093646,27.034993038305416,1.5652977966869013,10,11,15,71,301,0.0015353907569476432,0.0016889298326424075,0.0023030861354214646,0.010901274374328267,0.04621526178412406
AA00002,749,61.28409008617568,29.138407544183007,1.5535319621034274,1,4,5,11,128,0.0013351134846461949,0.0053404539385847796,0.006675567423230975,0.014686248331108143,0.17089452603471295
AA00004,597,52.88528959507945,24.53579825704441,2.051688886625744,6,5,5,14,114,0.010050251256281407,0.008375209380234505,0.008375209380234505,0.023450586264656615,0.19095477386934673
AA00036,304,49.51700372270852,27.07788730162439,0.9984271643645455,6,4,4,4,80,0.019736842105263157,0.013157894736842105,0.013157894736842105,0.013157894736842105,0.2631578947368421
AA00045,222,49.33039433490697,22.2199543514423,2.1096880954752963,1,3,2,3,53,0.0045045045045045045,0.013513513513513514,0.009009009009009009,0.013513513513513514,0.23873873873873874
AA00051,1317,55.818888859038765,25.050657935468635,3.2128101287842505,14,21,9,42,279,0.010630220197418374,0.015945330296127564,0.00683371298405467,0.03189066059225513,0.21184510250569477
AA00052,987,60.18897601154052,24.05948789057621,1.7451328551121634,2,1,7,1,116,0.002026342451874367,0.0010131712259371835,0.0070921985815602835,0.0010131712259371835,0.11752786220871327
AA00055,681,45.2764762593396,20.113958022298487,1.468236718747907,2,1,5,13,138,0.002936857562408223,0.0014684287812041115,0.007342143906020558,0.01908957415565345,0.2026431718061674
AA00060,779,50.527306843267105,22.71151997436573,1.4622390168484376,2,4,7,28,174,0.0025673940949935813,0.005134788189987163,0.008985879332477536,0.03594351732991014,0.2233632862644416
AA00061,718,45.9545971563981,20.436876928283567,1.298747765298012,3,3,6,8,169,0.004178272980501393,0.004178272980501393,0.008356545961002786,0.011142061281337047,0.23537604456824512
AA00069,1332,58.27101248266297,22.162678347148717,2.5287608190197015,7,7,7,29,171,0.005255255255255256,0.005255255255255256,0.005255255255255256,0.02177177177177177,0.12837837837837837
AA00118,1323,66.6821007879553,26.41634730738678,2.4962519807226333,20,18,7,20,161,0.015117157974300832,0.013605442176870748,0.005291005291005291,0.015117157974300832,0.12169312169312169
AA00125,534,71.83391498128915,14.77846891925447,2.46671158901882,14,18,2,4,41,0.026217228464419477,0.033707865168539325,0.003745318352059925,0.00749063670411985,0.07677902621722846
AA00128,1323,78.12245528511106,21.996341362472894,2.051550909012099,7,4,4,12,82,0.005291005291005291,0.0030234315948601664,0.0030234315948601664,0.009070294784580499,0.06198034769463341
AA00143,905,49.77436842675919,26.660586775339027,2.286601673665367,8,5,5,14,83,0.008839779005524863,0.0055248618784530384,0.0055248618784530384,0.015469613259668509,0.09171270718232044
AA00146,973,56.97578280755248,26.601392516006815,2.6576708349838474,13,10,5,20,163,0.013360739979445015,0.010277492291880781,0.0051387461459403904,0.020554984583761562,0.16752312435765673
AA00148,1100,61.37641273545591,27.36812420994128,2.483266254885706,13,15,9,24,177,0.011818181818181818,0.013636363636363636,0.008181818181818182,0.02181818181818182,0.16090909090909092
AA00154,1472,67.85825360765367,26.806738412458376,1.8913515279815183,3,3,10,40,166,0.0020380434782608695,0.0020380434782608695,0.006793478260869565,0.02717391304347826,0.11277173913043478
AA00160,806,57.67298636419475,26.401883952357366,1.4508676737741182,4,10,7,7,141,0.004962779156327543,0.01240694789081886,0.008684863523573201,0.008684863523573201,0.17493796526054592
AA00164,995,58.47774966000448,27.506914926418432,2.2905369194979825,17,15,11,50,198,0.017085427135678392,0.01507537688442211,0.011055276381909548,0.05025125628140704,0.19899497487437187
AA00173,1532,66.12941346964587,23.416057721474687,1.7816927386593158,5,5,8,2,135,0.0032637075718015664,0.0032637075718015664,0.005221932114882507,0.0013054830287206266,0.0881201044386423
AA00188,633,62.94804102365007,22.30626512243285,2.6619674183027326,3,4,9,0,87,0.004739336492890996,0.00631911532385466,0.014218009478672985,0.0,0.13744075829383887
AA00195,4663,68.2518829297882,28.188370514955945,2.0892522719645825,7,3,3,9,56,0.0015011794981771391,0.0006433626420759168,0.0006433626420759168,0.0019300879262277503,0.012009435985417113
AA00202,2848,34.994895789025946,18.344814791234956,1.6957420785739874,2,1,6,11,46,0.0007022471910112359,0.00035112359550561797,0.002106741573033708,0.0038623595505617976,0.016151685393258428
AA00203,469,40.68964851293936,20.776826101776283,1.9856154451689163,2,15,6,4,97,0.0042643923240938165,0.031982942430703626,0.01279317697228145,0.008528784648187633,0.2068230277185501
AA00211,2629,50.25578585370388,21.43710063796347,2.245346210940043,14,15,7,14,129,0.005325218714340053,0.005705591479650057,0.0026626093571700264,0.005325218714340053,0.04906808672499049
AA00212,2875,66.32382357353603,28.576782952270857,2.6068238046408565,6,5,5,29,137,0.0020869565217391303,0.0017391304347826088,0.0017391304347826088,0.01008695652173913,0.04765217391304348
AA00219,2385,52.1501824212272,23.644836572482497,2.267923984785619,5,12,7,19,155,0.0020964360587002098,0.005031446540880503,0.0029350104821802936,0.007966457023060796,0.0649895178197065
AA00228,3036,48.015222118670394,24.91418794867753,2.8460559703431016,4,4,0,1,38,0.0013175230566534915,0.0013175230566534915,0.0,0.00032938076416337287,0.012516469038208168
AA00232,379,43.14341932662877,18.670137034758884,2.052389285196975,7,7,2,1,106,0.018469656992084433,0.018469656992084433,0.005277044854881266,0.002638522427440633,0.2796833773087071
AA00235,2193,53.09969512989551,22.279061526365535,1.593895330398469,5,3,7,0,82,0.002279981760145919,0.0013679890560875513,0.0031919744642042863,0.0,0.03739170086639307
AA00238,3200,49.21093502377179,24.92382768133668,2.605853295451711,3,4,2,4,38,0.0009375,0.00125,0.000625,0.00125,0.011875
AA00239,3937,63.32353723797416,27.716631232309137,2.0443641612701136,2,5,1,1,75,0.000508001016002032,0.00127000254000508,0.000254000508001016,0.000254000508001016,0.0190500381000762
AA00251,1995,40.13207302020399,15.082019842181985,1.850259248631322,0,2,0,11,76,0.0,0.0010025062656641604,0.0,0.005513784461152882,0.0380952380952381
AA00262,3118,57.3128902208427,27.18556035229065,1.5489596155515166,1,6,10,8,78,0.00032071840923669016,0.001924310455420141,0.003207184092366902,0.0025657472738935213,0.025016035920461834
AA00272,3611,62.71933858957512,28.122914902617804,2.3595480762364,1,1,6,5,42,0.00027693159789531985,0.00027693159789531985,0.001661589587371919,0.0013846579894765993,0.011631127111603435
AA00279,2145,73.37641433189656,22.248980235463144,1.9840737512440834,2,0,5,19,59,0.0009324009324009324,0.0,0.002331002331002331,0.008857808857808859,0.027505827505827505
AA00281,1367,36.41783588435374,16.295220376170995,1.5775743652750864,8,6,7,2,152,0.005852231163130944,0.0043891733723482075,0.005120702267739576,0.001463057790782736,0.11119239209948793
AA00286,4029,49.335995414596866,19.12028433157107,2.4104839176755393,8,13,7,19,191,0.0019856043683296105,0.003226607098535617,0.001737403822288409,0.0047158103747828245,0.047406304293869446
AA00296,1124,41.24222151848626,19.737511167912906,2.1240180616508635,11,5,6,20,113,0.009786476868327402,0.004448398576512456,0.005338078291814947,0.017793594306049824,0.10053380782918149
AA00299,3657,68.11225611023669,27.869636659253846,2.9292233914521786,18,11,5,5,93,0.004922067268252666,0.0030079299972655183,0.0013672409078479629,0.0013672409078479629,0.02543068088597211
AA00301,631,32.36148377479647,17.167226646311384,2.5074856111142183,4,10,6,0,112,0.006339144215530904,0.01584786053882726,0.009508716323296355,0.0,0.1774960380348653
AA00303,347,35.86429026098027,16.82985334208233,2.1674670739788833,0,0,6,15,103,0.0,0.0,0.01729106628242075,0.043227665706051875,0.2968299711815562
AA00306,3137,51.69265608851602,24.56474126953955,3.1159973196990904,7,8,6,9,148,0.0022314313037934334,0.002550207204335352,0.001912655403251514,0.0028689831048772712,0.047178833280204016
AA00316,2510,29.76852146263911,11.793499915727232,2.1457161713919013,0,3,1,8,75,0.0,0.001195219123505976,0.00039840637450199205,0.0031872509960159364,0.029880478087649404
AA00317,3291,67.48487302409951,28.409582832652287,2.9987537542271347,3,1,2,5,80,0.0009115770282588879,0.00030385900941962927,0.0006077180188392585,0.0015192950470981465,0.024308720753570344
AA00322,2504,47.46586619692994,24.102203147612208,1.9591194486483159,6,5,3,13,119,0.0023961661341853034,0.001996805111821086,0.0011980830670926517,0.005191693290734824,0.04752396166134185
AA00324,2599,62.41931385006353,27.826244628449587,2.0769988369870895,2,6,7,25,92,0.0007695267410542517,0.002308580223162755,0.0026933435936898806,0.009619084263178146,0.035398230088495575
AA00325,429,34.19486835485494,20.88958845327943,2.3491879497084738,4,5,6,14,49,0.009324009324009324,0.011655011655011656,0.013986013986013986,0.03263403263403263,0.11421911421911422
AA00345,1691,28.781077348066297,13.669126843861498,1.650548047800198,2,2,1,10,28,0.0011827321111768185,0.0011827321111768185,0.0005913660555884093,0.0059136605558840925,0.01655824955647546
AA00346,1593,38.95213358070501,17.7941978956695,1.990780640410392,3,2,3,14,74,0.0018832391713747645,0.0012554927809165098,0.0018832391713747645,0.008788449466415568,0.04645323289391086
AA00364,3716,51.514329447013615,24.635100396211154,2.205542689198579,5,9,7,23,129,0.0013455328310010765,0.0024219590958019376,0.001883745963401507,0.006189451022604951,0.03471474703982777
AA00374,3890,52.37517321016166,24.454293658146163,1.608878388670751,1,3,3,27,80,0.0002570694087403599,0.0007712082262210797,0.0007712082262210797,0.006940874035989717,0.02056555269922879
AA00377,1929,36.067435527791126,18.397492076820132,1.9093998600444397,8,11,6,12,96,0.00414722654224987,0.005702436495593572,0.003110419906687403,0.006220839813374806,0.049766718506998445
AA00381,4644,29.17390625,12.988777862686367,1.840628316307032,5,2,2,1,51,0.0010766580534022395,0.0004306632213608958,0.0004306632213608958,0.0002153316106804479,0.010981912144702842
AA00382,1987,49.98219749652295,26.34655557074261,2.4128265061389422,0,0,4,0,39,0.0,0.0,0.0020130850528434826,0.0,0.019627579265223957
AA00388,2036,58.24864972994599,27.30358369909918,2.1852715881132383,2,1,2,13,80,0.0009823182711198428,0.0004911591355599214,0.0009823182711198428,0.0063850687622789785,0.03929273084479371
AA00404,3273,59.65700780928894,22.97327270866148,1.920068068283204,2,2,2,11,70,0.0006110601894286587,0.0006110601894286587,0.0006110601894286587,0.003360831041857623,0.021387106630003056
AA00408,1127,41.132390066341806,19.36067099926383,1.822557133142153,4,6,8,6,94,0.00354924578527063,0.005323868677905945,0.00709849157054126,0.005323868677905945,0.0834072759538598
AA00422,3889,43.49666619378635,26.245953478663786,2.341181646952689,1,4,2,8,45,0.00025713551041398817,0.0010285420416559527,0.0005142710208279763,0.0020570840833119054,0.011571097968629467
AA00430,1848,66.32207865168539,24.756214204652196,2.017364768938946,2,2,7,12,51,0.0010822510822510823,0.0010822510822510823,0.003787878787878788,0.006493506493506494,0.027597402597402596
AA00434,1899,39.656563500533615,19.112291946596713,1.5802809944209617,2,1,2,4,66,0.00105318588730911,0.000526592943654555,0.00105318588730911,0.00210637177461822,0.03475513428120063
AA00439,3028,47.67854043243651,23.860652978763067,2.390606994280376,5,4,5,10,111,0.0016512549537648614,0.001321003963011889,0.0016512549537648614,0.0033025099075297227,0.03665785997357992
AA00445,2440,58.92229144222212,27.378303563145753,2.198975184960181,11,7,9,25,146,0.004508196721311476,0.0028688524590163933,0.0036885245901639345,0.010245901639344262,0.05983606557377049
AA00455,2684,47.02388957706601,24.233741929472554,2.5721431747959045,10,8,2,0,63,0.0037257824143070045,0.0029806259314456036,0.0007451564828614009,0.0,0.02347242921013413
AA00456,2530,52.76378525932666,22.83564887532652,1.4408227292102171,0,1,2,12,47,0.0,0.0003952569169960474,0.0007905138339920949,0.0047430830039525695,0.01857707509881423
AA00460,2035,39.60580589254766,17.36968267327576,2.3382211450222177,0,3,3,12,65,0.0,0.0014742014742014742,0.0014742014742014742,0.005896805896805897,0.03194103194103194
AB00005,37098,78.99744731374295,25.045488909315875,3.56861995924279,1,0,2,10,62,2.6955631031322443e-05,0.0,5.3911262062644886e-05,0.00026955631031322445,0.0016712491239419915
AB00006,12200,37.18666343120602,12.48736329002101,2.0104105300300708,8,17,18,31,394,0.0006557377049180328,0.0013934426229508198,0.0014754098360655738,0.002540983606557377,0.03229508196721311
AB00007,16550,58.01143503533549,23.79632660348785,3.0965248472301297,10,9,16,25,299,0.0006042296072507553,0.0005438066465256798,0.0009667673716012085,0.0015105740181268882,0.018066465256797583
AB00008,1045,43.89482894250991,13.866120348726916,2.0115657326481156,6,17,8,18,269,0.005741626794258373,0.016267942583732056,0.007655502392344498,0.01722488038277512,0.2574162679425837
AB00010,2037,50.10346666666667,19.18499709920516,2.2295808063382925,6,2,4,11,92,0.0029455081001472753,0.0009818360333824251,0.0019636720667648502,0.005400098183603338,0.045164457535591555
AB00011,12874,41.52212397166865,16.398609693751123,2.2002159835324515,10,42,19,29,429,0.0007767593599502874,0.003262389311791207,0.0014758427839055462,0.0022526021438558333,0.03332297654186733
AB00012,2235,83.68031854379977,20.62889690178298,2.510127628089482,6,3,7,2,108,0.0026845637583892616,0.0013422818791946308,0.003131991051454139,0.0008948545861297539,0.04832214765100671
AB00191,2539,51.28295915339729,16.754841127353387,1.9213989598217247,4,5,3,7,60,0.0015754233950374162,0.0019692792437967705,0.0011815675462780622,0.0027569909413154787,0.023631350925561245
AB00198,1607,42.02178257394085,17.110762770193123,2.314445217321641,1,10,3,6,99,0.0006222775357809583,0.006222775357809583,0.001866832607342875,0.00373366521468575,0.06160547604231487
AB00200,1875,46.60277112199187,15.666796812881037,2.2998690898329044,1,4,2,0,52,0.0005333333333333334,0.0021333333333333334,0.0010666666666666667,0.0,0.027733333333333332
AB00201,6100,61.086227308603,22.07233801613336,2.294986198633317,0,0,1,0,25,0.0,0.0,0.0001639344262295082,0.0,0.004098360655737705
AB00206,2373,41.159234053345735,15.819592515218197,2.4034812137065447,6,8,4,3,120,0.0025284450063211127,0.00337126000842815,0.001685630004214075,0.0012642225031605564,0.05056890012642225
AB00210,1782,43.90201105413864,14.3394497159815,2.075945571460461,11,23,11,34,244,0.006172839506172839,0.012906846240179574,0.006172839506172839,0.019079685746352413,0.13692480359147025
AB00215,2731,42.330804376074106,15.97443058415254,2.087292015105654,1,18,5,6,108,0.0003661662394727206,0.006590992310508971,0.001830831197363603,0.0021969974368363236,0.039545953863053825
AB00230,3377,47.90856438340454,13.106426074438803,2.04018833234623,4,6,5,13,101,0.0011844832691738228,0.0017767249037607344,0.0014806040864672786,0.0038495706248149247,0.029908202546639027
AB00234,977,72.8018947015426,23.543682514630596,2.238472126473359,4,1,1,0,56,0.0040941658137154556,0.0010235414534288639,0.0010235414534288639,0.0,0.057318321392016376
AB00237,2092,40.31934940339053,14.325024510522953,1.8997690304594579,2,3,6,12,119,0.0009560229445506692,0.0014340344168260039,0.0028680688336520078,0.0057361376673040155,0.05688336520076482
AB00240,3690,52.385930978316196,16.103781103242707,1.8390436635359468,2,9,1,0,39,0.0005420054200542005,0.0024390243902439024,0.00027100271002710027,0.0,0.01056910569105691
AB00257,5588,64.29038395019025,23.14203300683244,2.5623210018252465,4,10,2,4,89,0.0007158196134574087,0.0017895490336435219,0.00035790980672870435,0.0007158196134574087,0.015926986399427346
AB00261,6497,70.94963223536936,23.01221548971653,1.7294348881994264,1,1,1,6,31,0.00015391719255040788,0.00015391719255040788,0.00015391719255040788,0.0009235031553024473,0.004771432969062644
AB00265,7349,61.6187312134156,26.271058381788485,2.5369081159179276,2,0,1,0,28,0.00027214587018641994,0.0,0.00013607293509320997,0.0,0.003810042182609879
AB00276,4967,65.87466487935657,27.71111460906927,2.9183034595038713,1,3,2,5,32,0.00020132876988121604,0.0006039863096436481,0.0004026575397624321,0.0010066438494060802,0.006442520636198913
AB00284,-1408,52.107923584165555,18.245138321928962,1.7458875279566752,3,2,7,5,117,-0.002130681818181818,-0.0014204545454545455,-0.004971590909090909,-0.0035511363636363635,-0.08309659090909091
AB00319,5769,75.64020070838252,23.432405936486916,1.9418311845745801,1,3,1,0,26,0.0001733402669440111,0.0005200208008320333,0.0001733402669440111,0.0,0.004506846940544288
AB00333,6458,75.82446452476573,24.466533378679422,2.877051362315546,5,2,1,2,23,0.000774233508826262,0.0003096934035305048,0.0001548467017652524,0.0003096934035305048,0.003561474140600805
AB00334,1645,51.07733829688227,15.85755792980141,1.9667276147010417,1,14,6,7,99,0.0006079027355623101,0.00851063829787234,0.00364741641337386,0.00425531914893617,0.06018237082066869
AB00336,3010,51.81908563134978,16.438791442466936,1.9988412773858317,2,7,6,10,114,0.000664451827242525,0.002325581395348837,0.0019933554817275745,0.0033222591362126247,0.03787375415282392
AB00351,6683,67.73151245621631,21.913940831934337,2.420512356411374,3,2,6,3,109,0.0004489001945234176,0.0002992667963489451,0.0008978003890468353,0.0004489001945234176,0.01631004040101751
AB00354,3670,51.774016313765266,15.221901846120598,1.7830791297612885,0,5,3,11,78,0.0,0.0013623978201634877,0.0008174386920980927,0.002997275204359673,0.02125340599455041
AB00360,2718,43.93761039616452,14.608805223240664,2.0601978349756567,0,1,1,7,73,0.0,0.0003679175864606328,0.0003679175864606328,0.0025754231052244297,0.026857983811626195
AB00362,1373,46.216984006092915,15.783509698837573,1.6506180583706485,5,4,2,0,73,0.003641660597232338,0.0029133284777858705,0.0014566642388929353,0.0,0.05316824471959213
AB00363,3606,47.02061061350284,16.40776739562853,2.2282162589894874,3,2,1,1,59,0.0008319467554076539,0.0005546311702717693,0.00027731558513588466,0.00027731558513588466,0.016361619523017193
AB00365,4897,68.69822603149292,22.75744037587057,3.686360629753656,2,3,2,4,60,0.0004084133142740453,0.000612619971411068,0.0004084133142740453,0.0008168266285480906,0.01225239942822136
AB00370,3250,47.690802086584334,15.064707596725647,1.8854251596948832,1,0,4,6,77,0.0003076923076923077,0.0,0.0012307692307692308,0.0018461538461538461,0.023692307692307693
AB00380,1832,36.80537293130809,14.777434535432626,2.0890137007427874,5,6,0,3,53,0.0027292576419213972,0.0032751091703056767,0.0,0.0016375545851528383,0.028930131004366814
AB00386,8909,70.03506101938262,23.990740131862005,3.8796892338706526,4,5,2,7,115,0.0004489841733078909,0.0005612302166348636,0.00022449208665394546,0.0007857223032888091,0.012908294982601863
AB00395,3462,56.096691829484904,19.00559882164557,1.8380974221782276,0,2,1,0,35,0.0,0.0005777007510109763,0.00028885037550548814,0.0,0.010109763142692086
AB00407,1597,32.240916610501806,11.298238263076692,1.8450840619144502,0,1,4,0,66,0.0,0.0006261740763932373,0.002504696305572949,0.0,0.041327489041953665
AB00425,4874,53.862002421673985,13.887744458666722,1.9460211484949794,2,5,2,8,84,0.0004103405826836274,0.0010258514567090685,0.0004103405826836274,0.0016413623307345096,0.01723430447271235
AB00435,430,49.94571801323269,15.361554094958572,2.1068393101375387,0,3,6,0,92,0.0,0.0069767441860465115,0.013953488372093023,0.0,0.21395348837209302
AB00440,2276,41.64468023255814,15.794716814752174,2.365566149089907,8,21,5,9,161,0.0035149384885764497,0.00922671353251318,0.0021968365553602814,0.003954305799648506,0.07073813708260106
AB00451,1836,44.006837173968094,17.063841332837047,2.008249478586656,2,2,1,6,47,0.0010893246187363835,0.0010893246187363835,0.0005446623093681918,0.0032679738562091504,0.02559912854030501
AB00452,3377,43.316961073326986,14.100173913891464,1.856860648361815,5,5,5,12,178,0.0014806040864672786,0.0014806040864672786,0.0014806040864672786,0.0035534498075214687,0.05270950547823512
AB00453,2909,49.21844912506497,15.038906195355027,2.0181156526363813,8,17,4,13,119,0.002750085940185631,0.005843932622894466,0.0013750429700928155,0.00446888965280165,0.04090752836026126
AB00457,2069,41.285526315789475,15.570892243198882,1.9535390676313904,2,1,0,0,42,0.0009666505558240696,0.0004833252779120348,0.0,0.0,0.02029966167230546
AB00458,2410,50.13549716640907,15.564307070987166,1.9771494736154251,1,2,3,7,78,0.0004149377593360996,0.0008298755186721991,0.0012448132780082987,0.002904564315352697,0.03236514522821577
AB00465,2484,65.0865756097561,21.79525070845237,10.435800516914716,1201,1212,5,1,148,0.4834943639291465,0.48792270531400966,0.002012882447665056,0.00040257648953301127,0.05958132045088567
AD00003,15138,50.412529347763844,16.4125844927643,1.4115100698160958,2,9,5,11,127,0.0001321178491214163,0.0005945303210463733,0.00033029462280354075,0.0007266481701677897,0.008389483419209936
AD00009,572,46.13891844241116,23.241662666570647,1.3348329749240613,4,9,4,13,104,0.006993006993006993,0.015734265734265736,0.006993006993006993,0.022727272727272728,0.18181818181818182
AD00013,7565,39.40371320068811,13.67517996939711,2.0027540206233083,5,49,14,25,366,0.0006609385327164573,0.006477197620621282,0.0018506278916060807,0.003304692663582287,0.04838070059484468
AD00014,11905,41.87319830428639,14.674495949193982,1.8014334741442828,6,29,10,9,239,0.000503989920201596,0.0024359512809743805,0.0008399832003359933,0.0007559848803023939,0.020075598488030238
AD00015,269,45.474921145401694,13.85175499228018,2.17845468018267,2,4,1,4,70,0.007434944237918215,0.01486988847583643,0.0037174721189591076,0.01486988847583643,0.26022304832713755
AD00016,513,50.427407886231414,15.779537163270115,1.923067190337432,2,13,5,9,108,0.003898635477582846,0.025341130604288498,0.009746588693957114,0.017543859649122806,0.21052631578947367
AD00017,10249,45.56475877572194,15.076578911344066,2.0943577058894136,4,18,10,19,231,0.00039028197872963214,0.0017562689042833447,0.0009757049468240804,0.0018538393989657527,0.022538784271636258
AD00018,508,49.147574273951264,16.702641996152522,2.068790339833679,4,29,5,18,163,0.007874015748031496,0.05708661417322835,0.00984251968503937,0.03543307086614173,0.32086614173228345
AD00019,6264,62.963635526497534,29.51230668132235,2.2747269452755203,32,27,20,74,302,0.005108556832694764,0.004310344827586207,0.0031928480204342275,0.01181353767560664,0.04821200510855683
AD00020,7543,57.65039624608968,27.197794763343303,2.290223438689868,11,12,16,62,261,0.0014583057139069336,0.0015908789606257458,0.002121171947500994,0.008219541296566353,0.03460161739360997
AD00021,9003,61.103782654820314,26.383064498056722,2.4308650377174468,22,25,17,67,344,0.002443629901144063,0.0027768521603909807,0.0018882594690658669,0.007441963789847829,0.038209485726979894
AD00022,7928,61.41053619915243,25.231013928918106,2.4957371984395595,8,8,15,57,357,0.0010090817356205853,0.0010090817356205853,0.0018920282542885974,0.00718970736629667,0.045030272452068615
AD00023,1026,69.37039830703795,23.80259612798427,1.628114039131789,1,0,5,15,93,0.0009746588693957114,0.0,0.004873294346978557,0.014619883040935672,0.09064327485380116
AD00024,455,51.120165609699995,24.63781314639614,2.499057374527019,11,24,8,33,108,0.024175824175824177,0.05274725274725275,0.017582417582417582,0.07252747252747253,0.23736263736263735
AD00025,21534,49.04324847067291,13.705645718753257,2.0561755293038373,5,17,8,23,150,0.00023219095384043837,0.0007894492430574905,0.0003715055261447014,0.0010680783876660166,0.006965728615213151
AD00026,16380,68.53663698086588,23.697809901003797,2.011954446166209,4,4,3,8,60,0.0002442002442002442,0.0002442002442002442,0.00018315018315018315,0.0004884004884004884,0.003663003663003663
AD00027,9887,61.94334759694021,24.57105192247733,1.9271765775863825,10,10,17,48,310,0.0010114291493880853,0.0010114291493880853,0.001719429553959745,0.00485485991706281,0.031354303631030644
AD00037,935,62.36407683732099,25.504447254473494,1.6409743073259218,0,2,7,18,102,0.0,0.0021390374331550803,0.0074866310160427805,0.019251336898395723,0.10909090909090909
AD00038,1259,57.95774574865201,23.001163000683867,2.03356757560142,6,11,7,7,150,0.004765687053216839,0.008737092930897538,0.005559968228752979,0.005559968228752979,0.11914217633042097
AD00039,759,41.879678553832036,14.52533427712744,1.794431004035661,9,15,12,20,193,0.011857707509881422,0.019762845849802372,0.015810276679841896,0.026350461133069828,0.25428194993412384
AD00040,780,57.955790970168074,27.114428625494718,2.273192612276579,9,9,7,31,128,0.011538461538461539,0.011538461538461539,0.008974358974358974,0.03974358974358974,0.1641025641025641
AD00041,1189,62.98532590341101,27.492194172693658,2.4407587614735515,15,14,11,40,183,0.012615643397813289,0.011774600504625737,0.009251471825063078,0.0336417157275021,0.15391084945332212
AD00043,1560,60.83833433823813,28.017018958617346,2.450665090117359,11,2,10,50,228,0.007051282051282051,0.001282051282051282,0.00641025641025641,0.03205128205128205,0.14615384615384616
AD00046,710,45.919208757015056,15.435473737612012,2.1915269634738626,6,17,6,20,214,0.008450704225352112,0.023943661971830985,0.008450704225352112,0.028169014084507043,0.30140845070422534
AD00048,1199,61.45603296954896,28.189752393611826,2.1613761232020385,13,29,12,41,200,0.010842368640533779,0.02418682235195997,0.010008340283569641,0.03419516263552961,0.16680567139282734
AD00050,1709,76.43168088480036,23.166818209506943,2.9458739316534936,5,11,4,6,136,0.002925687536571094,0.006436512580456407,0.0023405500292568754,0.003510825043885313,0.07957870099473376
AD00053,779,51.89650137258338,26.655208171794637,2.039011226668437,12,16,12,48,149,0.01540436456996149,0.02053915275994865,0.01540436456996149,0.06161745827984596,0.19127086007702182
AD00057,870,54.78169307756464,27.35590553249421,2.3273177782073096,18,17,9,49,171,0.020689655172413793,0.01954022988505747,0.010344827586206896,0.05632183908045977,0.19655172413793104
AD00058,833,47.900568658525216,16.42827618091616,1.852895672340903,3,22,9,32,205,0.003601440576230492,0.026410564225690276,0.010804321728691477,0.03841536614645858,0.2460984393757503
AD00064,610,43.15150241647405,14.680083184581886,1.786389788313773,1,0,6,25,160,0.001639344262295082,0.0,0.009836065573770493,0.040983606557377046,0.26229508196721313
AD00065,1119,57.43948854722309,28.1149774129618,2.7145436854838016,17,22,8,35,212,0.01519213583556747,0.01966041108132261,0.0071492403932082215,0.03127792672028597,0.18945487042001788
AD00067,572,40.97137638945744,13.749039455109394,2.4217165571810106,2,18,7,4,130,0.0034965034965034965,0.03146853146853147,0.012237762237762238,0.006993006993006993,0.22727272727272727
AD00068,895,40.40652107976949,17.225545670802067,1.9607310576174422,7,18,14,59,377,0.00782122905027933,0.02011173184357542,0.01564245810055866,0.0659217877094972,0.4212290502793296
AD00070,713,49.98867826313278,25.591523700755623,2.3296685520870133,7,11,7,44,160,0.009817671809256662,0.015427769985974754,0.009817671809256662,0.061711079943899017,0.2244039270687237
AD00072,1130,44.95295297903665,16.338929843203967,1.6993324574786082,1,1,9,28,247,0.0008849557522123894,0.0008849557522123894,0.007964601769911504,0.024778761061946902,0.21858407079646017
AD00073,922,57.90377633496754,25.930754285308847,1.8634505997398776,2,1,7,28,123,0.0021691973969631237,0.0010845986984815619,0.007592190889370932,0.03036876355748373,0.1334056399132321
AD00074,881,57.98255327068019,27.385550652635956,2.4580041079449377,1,6,7,34,87,0.0011350737797956867,0.00681044267877412,0.007945516458569807,0.03859250851305335,0.09875141884222474
AD00075,1116,59.34641482069787,23.60353963329046,2.351422966816935,10,8,9,35,133,0.008960573476702509,0.007168458781362007,0.008064516129032258,0.03136200716845878,0.11917562724014337
AD00076,797,51.01419831223629,24.06202842467783,2.671966432461626,4,15,8,37,183,0.005018820577164366,0.018820577164366373,0.010037641154328732,0.04642409033877039,0.22961104140526975
AD00077,327,30.543963983992885,11.373512305024722,2.7385140666624164,17,5,12,21,335,0.05198776758409786,0.01529051987767584,0.03669724770642202,0.06422018348623854,1.0244648318042813
AD00078,366,39.15915068317403,15.618302446085744,2.093915264217238,6,7,13,34,184,0.01639344262295082,0.01912568306010929,0.03551912568306011,0.09289617486338798,0.5027322404371585
AD00080,656,41.67468961683378,15.407065614804687,2.0019781138265285,12,15,6,10,190,0.018292682926829267,0.022865853658536585,0.009146341463414634,0.01524390243902439,0.2896341463414634
AD00081,625,45.70978004225177,16.328743486220265,2.093722472222048,2,18,3,11,135,0.0032,0.0288,0.0048,0.0176,0.216
AD00082,767,44.17561938171453,16.76742993472384,1.6364744461620069,1,14,5,36,184,0.001303780964797914,0.018252933507170794,0.00651890482398957,0.0469361147327249,0.23989569752281617
AD00083,814,41.7354636611713,14.774676015062846,2.167291029014725,6,13,9,45,372,0.007371007371007371,0.01597051597051597,0.011056511056511056,0.05528255528255528,0.457002457002457
AD00086,549,42.28100972343798,14.871730831511735,1.9693525263321512,0,16,5,6,168,0.0,0.029143897996357013,0.009107468123861567,0.01092896174863388,0.30601092896174864
AD00088,683,43.66381905459279,16.287518163676992,1.8490505168268152,3,7,11,37,240,0.004392386530014641,0.010248901903367497,0.016105417276720352,0.05417276720351391,0.3513909224011713
AD00089,607,50.568219846289104,16.384403768646123,2.169084187569781,3,17,4,15,134,0.004942339373970346,0.02800658978583196,0.006589785831960461,0.02471169686985173,0.22075782537067545
AD00090,830,44.598462414578584,14.638005626505391,2.004947896433668,4,31,9,35,218,0.004819277108433735,0.03734939759036145,0.010843373493975903,0.04216867469879518,0.26265060240963856
AD00097,308,35.43278059937439,14.584880012127568,1.6628776477892533,9,13,5,6,91,0.02922077922077922,0.04220779220779221,0.016233766233766232,0.01948051948051948,0.29545454545454547
AD00099,225,49.58060606060606,17.010100019194415,1.116381291279707,3,3,4,19,79,0.013333333333333334,0.013333333333333334,0.017777777777777778,0.08444444444444445,0.3511111111111111
AD00100,799,40.35591903062846,14.142664083896136,2.190956402927443,11,18,10,39,370,0.01376720901126408,0.02252816020025031,0.012515644555694618,0.04881101376720901,0.46307884856070086
AD00101,866,50.611170313986676,15.696030298662588,2.116551896834467,11,30,7,22,199,0.012702078521939953,0.03464203233256351,0.008083140877598153,0.025404157043879907,0.22979214780600463
AD00103,1235,47.209859154929575,16.51026687323802,2.0644183421677273,21,71,12,47,306,0.01700404858299595,0.05748987854251012,0.009716599190283401,0.03805668016194332,0.24777327935222673
AD00104,718,49.613545816733065,16.71942191916271,2.2927393369918274,5,29,6,16,173,0.006963788300835654,0.0403899721448468,0.008356545961002786,0.022284122562674095,0.24094707520891365
AD00106,879,41.697852629171074,15.72068972590832,2.213044974168534,12,30,12,45,419,0.013651877133105802,0.034129692832764506,0.013651877133105802,0.051194539249146756,0.47667804323094426
AD00109,932,45.70528647625602,16.083685235644552,1.9722524408683466,10,44,8,35,184,0.01072961373390558,0.04721030042918455,0.008583690987124463,0.03755364806866953,0.19742489270386265
AD00110,592,45.64942468067138,17.795890921855335,1.6972168453925673,1,13,6,24,142,0.0016891891891891893,0.02195945945945946,0.010135135135135136,0.04054054054054054,0.23986486486486486
AD00113,816,47.43901390282356,16.721112614117384,1.8605606389293283,2,28,10,51,250,0.0024509803921568627,0.03431372549019608,0.012254901960784314,0.0625,0.30637254901960786
AD00114,308,36.216078658183925,16.914583830004897,1.8227271728848056,9,3,10,27,141,0.02922077922077922,0.00974025974025974,0.032467532467532464,0.08766233766233766,0.4577922077922078
AD00117,440,41.44889767371142,16.065113225018507,3.161246035154095,52,53,2,16,105,0.11818181818181818,0.12045454545454545,0.004545454545454545,0.03636363636363636,0.23863636363636365
AD00120,643,49.848705685872616,17.56829938066009,2.594449256547411,4,49,4,12,123,0.006220839813374806,0.07620528771384137,0.006220839813374806,0.01866251944012442,0.19129082426127528
AD00121,734,45.75201094694798,15.621252948549808,2.349619619472498,15,25,6,31,238,0.020435967302452316,0.0340599455040872,0.008174386920980926,0.04223433242506812,0.3242506811989101
AD00123,800,52.955499379948485,27.427894490995683,2.3087261015734377,12,9,9,30,126,0.015,0.01125,0.01125,0.0375,0.1575
AD00124,1143,59.82490241752707,27.657351002181855,2.5507374678689176,8,7,10,45,184,0.00699912510936133,0.006124234470691163,0.008748906386701663,0.03937007874015748,0.1609798775153106
AD00126,1302,69.69204260163109,24.22825927722882,1.8316897277547677,3,7,5,20,124,0.002304147465437788,0.005376344086021506,0.0038402457757296467,0.015360983102918587,0.09523809523809523
AD00127,872,48.51087121788049,24.01819565399191,2.6009877487742816,9,11,11,49,180,0.010321100917431193,0.01261467889908257,0.01261467889908257,0.05619266055045872,0.20642201834862386
AD00129,1140,59.440697380611475,26.197546398411266,2.6104184102392076,7,10,10,44,184,0.0061403508771929825,0.008771929824561403,0.008771929824561403,0.03859649122807018,0.16140350877192983
AD00130,392,39.35590810688552,16.439466409842012,2.177213145538506,22,35,8,25,125,0.05612244897959184,0.08928571428571429,0.02040816326530612,0.06377551020408163,0.31887755102040816
AD00132,517,42.912844519251,19.35905786353743,2.2839971274235786,13,6,6,36,141,0.025145067698259187,0.01160541586073501,0.01160541586073501,0.06963249516441006,0.2727272727272727
AD00133,594,38.926911535509085,13.895102172526618,2.0931496422411815,3,8,7,15,170,0.005050505050505051,0.013468013468013467,0.011784511784511785,0.025252525252525252,0.28619528619528617
AD00134,874,59.26990334906721,27.169381624043005,2.7031376277937893,6,12,8,38,154,0.006864988558352402,0.013729977116704805,0.009153318077803204,0.043478260869565216,0.17620137299771166
AD00135,914,62.22099501706752,27.971951172590824,1.9028138195093014,14,12,9,35,130,0.015317286652078774,0.01312910284463895,0.009846827133479213,0.038293216630196934,0.1422319474835886
AD00137,892,55.3542042042042,25.948884069006006,2.658228913993564,5,5,7,29,129,0.005605381165919282,0.005605381165919282,0.007847533632286996,0.032511210762331835,0.1446188340807175
AD00138,707,56.716082033034404,27.018798798043214,2.204975392031023,19,18,9,23,127,0.026874115983026876,0.02545968882602546,0.01272984441301273,0.03253182461103253,0.17963224893917965
AD00140,905,55.236929899914095,29.296509600743388,2.426665514783657,17,16,6,35,167,0.01878453038674033,0.017679558011049725,0.0066298342541436465,0.03867403314917127,0.18453038674033148
AD00141,1047,58.940033046803926,28.09408377489829,2.0821243033013945,9,12,10,45,175,0.008595988538681949,0.011461318051575931,0.009551098376313277,0.04297994269340974,0.16714422158548234
AD00144,1159,65.43189323759039,27.527628233577605,2.0895904600370563,7,9,8,46,147,0.0060396893874029335,0.007765314926660914,0.006902502157031924,0.03968938740293356,0.12683347713546161
AD00145,1029,58.86247448075723,29.03916919337178,2.3633492975582397,3,9,10,43,192,0.0029154518950437317,0.008746355685131196,0.009718172983479106,0.04178814382896016,0.18658892128279883
AD00147,827,55.97012953306751,27.28201746714905,2.27981498354585,9,9,8,34,140,0.010882708585247884,0.010882708585247884,0.009673518742442563,0.041112454655380895,0.16928657799274485
AD00150,1332,68.77972612925213,28.850258368302402,2.6121612384708293,7,7,7,37,173,0.005255255255255256,0.005255255255255256,0.005255255255255256,0.027777777777777776,0.12987987987987987
AD00151,1073,58.98014351715325,27.52409199812357,2.63755707597249,13,10,8,46,189,0.012115563839701771,0.009319664492078284,0.007455731593662628,0.04287045666356011,0.17614165890027958
AD00152,764,49.65227705157034,27.298089110716653,2.7446953510116088,14,14,10,37,149,0.01832460732984293,0.01832460732984293,0.013089005235602094,0.04842931937172775,0.1950261780104712
AD00156,734,42.395779079861114,19.97595459151948,2.3393895554695594,30,27,10,72,213,0.04087193460490463,0.03678474114441417,0.013623978201634877,0.09809264305177112,0.2901907356948229
AD00158,971,58.36259071873875,29.9358414327891,2.3611199881309384,17,12,12,38,159,0.017507723995880537,0.012358393408856848,0.012358393408856848,0.03913491246138002,0.16374871266735325
AD00159,1514,74.15347611411879,24.338375205321462,2.5087129327869713,4,4,8,17,118,0.002642007926023778,0.002642007926023778,0.005284015852047556,0.011228533685601057,0.07793923381770146
AD00161,1098,55.59882347631155,24.739746549279992,1.9726874999589092,14,11,7,28,217,0.012750455373406194,0.010018214936247723,0.006375227686703097,0.025500910746812388,0.19763205828779598
AD00162,811,48.071643079357656,22.35182710909863,2.7069336967007693,12,12,13,56,217,0.014796547472256474,0.014796547472256474,0.016029593094944512,0.0690505548705302,0.2675709001233046
AD00163,1164,70.24874048468355,29.028191780469502,2.4112961003463065,8,9,6,35,141,0.006872852233676976,0.007731958762886598,0.005154639175257732,0.03006872852233677,0.1211340206185567
AD00165,1100,56.27899524821808,27.399048284720784,2.4320096927084873,11,12,12,45,199,0.01,0.01090909090909091,0.01090909090909091,0.04090909090909091,0.1809090909090909
AD00166,940,58.180484522207266,28.22046885451493,2.6903453933682404,45,43,10,54,188,0.047872340425531915,0.045744680851063826,0.010638297872340425,0.0574468085106383,0.2
AD00170,1265,48.27562737733547,13.842538317256691,1.878128618680771,2,11,3,43,265,0.0015810276679841897,0.008695652173913044,0.0023715415019762848,0.03399209486166008,0.20948616600790515
AD00171,738,49.871080497584046,17.39832610641095,1.9211909441519557,9,28,7,27,196,0.012195121951219513,0.037940379403794036,0.009485094850948509,0.036585365853658534,0.26558265582655827
AD00174,1047,63.88448814556148,27.37292371875807,2.1895324987465195,4,7,7,27,107,0.0038204393505253103,0.0066857688634192934,0.0066857688634192934,0.025787965616045846,0.10219675262655205
AD00175,824,56.07698052394709,14.397559955313511,1.5866383781470483,1,12,1,30,109,0.0012135922330097086,0.014563106796116505,0.0012135922330097086,0.03640776699029126,0.13228155339805825
AD00178,1097,56.386825074857526,27.65198448592615,2.418386373336754,3,2,7,41,143,0.0027347310847766638,0.0018231540565177757,0.006381039197812215,0.037374658158614404,0.13035551504102097
AD00179,399,34.50889096203319,12.66775031981025,2.398156578344495,13,35,4,42,184,0.03258145363408521,0.08771929824561403,0.010025062656641603,0.10526315789473684,0.46115288220551376
AD00182,730,48.98237895153662,17.604129645947175,2.0202958410663188,4,29,6,31,197,0.005479452054794521,0.03972602739726028,0.00821917808219178,0.04246575342465753,0.26986301369863014
AD00186,599,38.18905203805944,12.418760980795566,2.1375419125476682,1,25,4,2,171,0.001669449081803005,0.041736227045075125,0.00667779632721202,0.00333889816360601,0.2854757929883139
AD00189,1295,64.82826443270807,26.31483377379122,2.664817267929013,5,3,8,50,189,0.003861003861003861,0.0023166023166023165,0.006177606177606178,0.03861003861003861,0.14594594594594595
AD00190,2236,39.8660187526338,11.875638955679134,2.0823725242875355,6,9,7,3,154,0.0026833631484794273,0.004025044722719142,0.0031305903398926656,0.0013416815742397137,0.06887298747763863
AD00192,8987,43.41393675440258,13.915556285416908,1.896398942540869,2,1,2,2,37,0.00022254367419606097,0.00011127183709803049,0.00022254367419606097,0.00022254367419606097,0.0041170579726271285
AD00193,2818,37.17800759261684,12.432245198681283,1.8475060161232648,3,9,7,2,159,0.0010645848119233499,0.00319375443577005,0.00248403122782115,0.0007097232079489,0.056422995031937546
AD00194,6625,77.91379549297336,20.43488160681122,2.7977719856661456,2,9,6,6,121,0.0003018867924528302,0.001358490566037736,0.0009056603773584906,0.0009056603773584906,0.018264150943396226
AD00204,3502,47.69940929878049,17.114903881251596,1.98858809508967,1,5,3,10,93,0.00028555111364934324,0.0014277555682467161,0.0008566533409480297,0.0028555111364934323,0.02655625356938892
AD00205,2264,42.13876853360894,15.011612628094028,1.7940511267796775,2,5,6,20,116,0.0008833922261484099,0.002208480565371025,0.00265017667844523,0.0088339222614841,0.05123674911660778
AD00207,2232,39.35003937627973,11.464428419837049,1.568404015710502,1,4,4,0,125,0.00044802867383512545,0.0017921146953405018,0.0017921146953405018,0.0,0.05600358422939068
AD00208,1818,35.89832214765101,12.476793110103504,1.754585657895565,0,0,3,10,93,0.0,0.0,0.0016501650165016502,0.005500550055005501,0.05115511551155116
AD00209,2323,32.29759201563078,11.320902135759548,1.8199052560182571,1,5,6,19,186,0.00043047783039173483,0.002152389151958674,0.002582866982350409,0.008179078777442962,0.08006887645286268
AD00213,138,86.14938602160466,18.257431125047738,1.9874189896245482,0,1,1,5,19,0.0,0.007246376811594203,0.007246376811594203,0.036231884057971016,0.13768115942028986
AD00223,4541,61.35875618811881,25.151155184529763,3.2387855969262835,0,4,4,3,100,0.0,0.0008808632459810614,0.0008808632459810614,0.0006606474344857961,0.022021581149526535
AD00224,6964,62.52659968584215,24.724423103429505,2.1234201750350286,1,6,6,9,86,0.00014359563469270534,0.0008615738081562321,0.0008615738081562321,0.001292360712234348,0.01234922458357266
AD00225,4450,41.01326352530541,16.040519112493392,2.19836870527139,0,2,2,0,33,0.0,0.00044943820224719103,0.00044943820224719103,0.0,0.007415730337078652
AD00233,1939,40.918418640409236,14.440264644401642,1.7984294676500983,3,2,3,20,137,0.0015471892728210418,0.0010314595152140279,0.0015471892728210418,0.010314595152140279,0.07065497679216091
AD00236,4158,51.24104270660011,18.464299664088266,2.113924911058157,0,0,2,1,35,0.0,0.0,0.000481000481000481,0.0002405002405002405,0.008417508417508417
AD00245,4760,65.36528407110491,29.37498801075665,1.3593167163997766,1,0,0,15,33,0.0002100840336134454,0.0,0.0,0.0031512605042016808,0.006932773109243697
AD00246,1098,48.13244371822803,14.635246116366737,1.8709257565990458,2,6,2,0,53,0.0018214936247723133,0.00546448087431694,0.0018214936247723133,0.0,0.0482695810564663
AD00247,7370,61.93153049482164,22.797677340773152,1.4531204455261402,0,0,0,3,28,0.0,0.0,0.0,0.00040705563093622793,0.0037991858887381274
AD00248,330,22.34310695711163,7.63681609449557,2.568801755163092,2,2,3,16,111,0.006060606060606061,0.006060606060606061,0.00909090909090909,0.048484848484848485,0.33636363636363636
AD00250,2754,39.94446958167085,16.66306973175512,2.1960435031287475,0,17,6,2,246,0.0,0.006172839506172839,0.002178649237472767,0.0007262164124909223,0.08932461873638345
AD00252,3381,49.091620750910785,17.02518692039518,1.7944514958845115,2,11,6,7,117,0.0005915409642117716,0.003253475303164744,0.001774622892635315,0.002070393374741201,0.03460514640638864
AD00254,65282,54.726820338742066,21.33064525404976,1.9116833318379047,2,5,8,17,178,3.063631628932937e-05,7.659079072332343e-05,0.0001225452651573175,0.00026040868845929966,0.002726632149750314
AD00256,1551,34.269375,13.97278060457763,1.7867456409629134,0,2,6,6,117,0.0,0.0012894906511927789,0.0038684719535783366,0.0038684719535783366,0.07543520309477757
AD00259,2065,41.23704769736842,11.7251161129798,2.0611601975159988,5,3,3,23,128,0.002421307506053269,0.0014527845036319612,0.0014527845036319612,0.011138014527845037,0.06198547215496368
AD00267,3129,78.27010548217602,21.67299591531175,3.411720888722114,5,6,10,16,158,0.0015979546180888463,0.0019175455417066154,0.0031959092361776927,0.005113454777884308,0.05049536593160754
AD00277,2240,46.01360129922858,15.575807630295255,2.111042290242616,0,0,2,3,51,0.0,0.0,0.0008928571428571428,0.0013392857142857143,0.022767857142857142
AD00283,1841,37.06383068426156,15.933451711455927,1.8116710937853153,4,4,6,26,229,0.0021727322107550242,0.0021727322107550242,0.0032590983161325366,0.014122759369907659,0.12438891906572515
AD00285,1745,40.28119308512226,15.08266587465174,1.911764796684035,2,9,4,17,143,0.001146131805157593,0.005157593123209169,0.002292263610315186,0.009742120343839542,0.08194842406876791
AD00287,3311,53.21730486840619,19.70118049563319,1.99253692418034,2,27,6,12,171,0.0006040471156750226,0.008154636061612805,0.001812141347025068,0.003624282694050136,0.051646028390214434
AD00289,2662,41.59107676775521,16.65479607619364,2.0669648900153117,5,20,7,24,228,0.0018782870022539444,0.007513148009015778,0.002629601803155522,0.009015777610818933,0.08564988730277986
AD00290,2464,51.68223918575064,27.084682864612592,2.0793227697948202,0,1,0,4,29,0.0,0.00040584415584415587,0.0,0.0016233766233766235,0.01176948051948052
AD00291,3551,53.07489458115678,20.976823349725226,0.9823320716940858,0,7,4,5,84,0.0,0.0019712756969867645,0.001126443255421008,0.0014080540692762602,0.023655308363841172
AD00292,10430,69.8408549127515,23.620395563296288,3.6980546027294388,7,11,6,16,196,0.0006711409395973154,0.0010546500479386386,0.0005752636625119846,0.0015340364333652923,0.01879194630872483
AD00294,1870,45.08410021809671,14.95079796474788,1.961183919998155,3,10,4,18,88,0.0016042780748663102,0.0053475935828877,0.0021390374331550803,0.009625668449197862,0.047058823529411764
AD00297,1563,33.45337743289658,13.61709063877363,2.523446234893023,0,5,6,0,90,0.0,0.003198976327575176,0.003838771593090211,0.0,0.05758157389635317
AD00298,2476,53.613698144427374,14.148836016349483,1.3330897679499618,0,12,2,2,84,0.0,0.004846526655896607,0.0008077544426494346,0.0008077544426494346,0.033925686591276254
AD00302,3481,50.66834515494432,16.190649210394184,2.031217253173587,0,3,7,21,196,0.0,0.0008618213157138753,0.002010916403332376,0.006032749209997127,0.05630565929330652
AD00304,2059,42.89651388142994,11.605397599843576,2.118921608213538,2,4,5,28,190,0.0009713453132588635,0.001942690626517727,0.0024283632831471587,0.013598834385624089,0.09227780475959203
AD00307,1258,27.93133299097645,9.542616564583092,1.829737124368917,4,8,5,4,154,0.003179650238473768,0.006359300476947536,0.00397456279809221,0.003179650238473768,0.12241653418124006
AD00309,6389,70.94036953111382,21.35503111892884,2.157041865035449,4,11,2,4,104,0.0006260760682422914,0.0017217091876663014,0.0003130380341211457,0.0006260760682422914,0.01627797777429958
AD00310,3220,51.36163734776725,18.723120950364663,2.1262238021781,5,12,6,19,171,0.0015527950310559005,0.0037267080745341614,0.0018633540372670807,0.005900621118012423,0.0531055900621118
AD00314,1848,72.10782476576348,19.297108503878615,2.280100931396897,0,0,5,8,41,0.0,0.0,0.0027056277056277055,0.004329004329004329,0.022186147186147188
AD00315,2075,63.832178994643144,25.113363453043664,2.6634171912093745,6,11,6,18,102,0.002891566265060241,0.005301204819277108,0.002891566265060241,0.008674698795180723,0.0491566265060241
AD00320,934,77.23335733455521,24.543230626957794,1.646513897325325,0,1,3,14,44,0.0,0.0010706638115631692,0.0032119914346895075,0.014989293361884369,0.047109207708779445
AD00327,3364,37.95377169559413,15.621942663554751,1.871159770425738,1,2,2,0,40,0.00029726516052318666,0.0005945303210463733,0.0005945303210463733,0.0,0.011890606420927468
AD00328,3273,64.82510597565978,24.63181723194809,1.996326729339592,1,8,2,4,38,0.00030553009471432935,0.002444240757714635,0.0006110601894286587,0.0012221203788573174,0.011610143599144515
AD00331,903,28.281263460157934,14.094471557409895,2.1173625694787854,1,1,3,13,96,0.0011074197120708748,0.0011074197120708748,0.0033222591362126247,0.014396456256921373,0.10631229235880399
AD00332,8687,60.76605683145193,26.305279274698496,1.8928937549524079,0,1,1,2,29,0.0,0.00011511453896627144,0.00011511453896627144,0.0002302290779325429,0.003338321630021872
AD00338,4015,45.37022198159177,16.591924412702365,1.7557322888773474,0,1,1,1,49,0.0,0.00024906600249066,0.00024906600249066,0.00024906600249066,0.012204234122042341
AD00340,2251,38.58655973451327,12.493988875284547,1.6828364660609172,2,3,6,7,128,0.000888494002665482,0.0013327410039982231,0.0026654820079964462,0.003109729009329187,0.056863616170590846
AD00344,9136,73.13399672424983,25.01777358261393,2.6017059166334895,7,7,4,0,149,0.000766199649737303,0.000766199649737303,0.00043782837127845885,0.0,0.016309106830122592
AD00347,2642,46.368129097327284,18.052867754734116,2.3786886187541487,3,2,4,1,54,0.0011355034065102195,0.000757002271006813,0.001514004542013626,0.0003785011355034065,0.02043906131718395
AD00349,3336,53.68035862068965,18.944984098490995,2.050534959576195,6,13,10,13,237,0.0017985611510791368,0.0038968824940047962,0.002997601918465228,0.0038968824940047962,0.0710431654676259
AD00350,4023,57.21990429592989,20.477187551868422,2.040889918791006,1,12,7,10,137,0.00024857071836937607,0.002982848620432513,0.0017399950285856326,0.002485707183693761,0.03405418841660452
AD00355,2757,70.4293152609612,24.851233758532512,3.0926633847401312,7,10,6,15,92,0.0025389916575988395,0.003627130939426913,0.002176278563656148,0.00544069640914037,0.033369604642727604
AD00357,1656,36.53509592887225,18.849434426428445,2.337652618361368,4,3,1,6,31,0.0024154589371980675,0.0018115942028985507,0.0006038647342995169,0.0036231884057971015,0.018719806763285024
AD00359,4216,50.517089608692665,19.265922740801887,1.9191202119876967,3,4,4,14,101,0.0007115749525616698,0.0009487666034155598,0.0009487666034155598,0.003320683111954459,0.023956356736242884
AD00361,8656,79.2914441629312,22.990016621063017,2.5703992297979976,3,3,2,2,45,0.0003465804066543438,0.0003465804066543438,0.0002310536044362292,0.0002310536044362292,0.005198706099815157
AD00366,3313,51.07180029273052,17.214518073077713,2.016167923170382,2,9,6,34,230,0.0006036824630244491,0.0027165710836100213,0.0018110473890733474,0.010262601871415635,0.06942348324781165
AD00368,1879,41.08952367935488,17.613136013759398,1.9570261288963962,2,11,1,2,76,0.0010643959552953698,0.005854177754124534,0.0005321979776476849,0.0010643959552953698,0.04044704630122405
AD00369,4998,77.67156594480494,26.80747478385177,1.4975353498459472,2,2,2,14,51,0.00040016006402561027,0.00040016006402561027,0.00040016006402561027,0.0028011204481792717,0.01020408163265306
AD00376,1705,38.440730159907986,16.589365511151005,2.051091087001861,1,9,1,13,120,0.0005865102639296188,0.005278592375366569,0.0005865102639296188,0.007624633431085044,0.07038123167155426
AD00384,3074,36.94126057824995,12.228975115318397,1.9886539902803468,13,15,8,27,237,0.004229017566688354,0.004879635653871178,0.002602472348731295,0.00878334417696812,0.0770982433311646
AD00387,2272,70.866469437898,20.517649625436626,2.1838737252690934,1,2,2,8,53,0.00044014084507042255,0.0008802816901408451,0.0008802816901408451,0.0035211267605633804,0.023327464788732395
AD00391,2247,41.042615793470006,13.711403915492495,1.9688536661026739,2,7,7,17,151,0.0008900756564307966,0.003115264797507788,0.003115264797507788,0.0075656430796617715,0.06720071206052515
AD00392,3536,55.87647954998242,17.99676068045399,2.139522772168796,0,6,7,20,142,0.0,0.0016968325791855204,0.0019796380090497737,0.005656108597285068,0.040158371040723985
AD00396,4168,76.75805675805675,14.589423425121803,2.5984863271514977,0,4,1,6,32,0.0,0.0009596928982725527,0.0002399232245681382,0.0014395393474088292,0.007677543186180422
AD00397,2906,41.18025698551907,15.321801301432561,2.043263591615877,1,8,9,19,223,0.00034411562284927734,0.0027529249827942187,0.0030970406056434964,0.00653819683413627,0.07673778389538885
AD00400,1938,64.86180832857958,28.146900656761527,2.662514696572854,8,5,0,9,32,0.0041279669762641896,0.0025799793601651187,0.0,0.0046439628482972135,0.016511867905056758
AD00403,7951,69.375515328686,25.960425810719794,2.723024324369079,5,10,4,2,124,0.0006288517167651867,0.0012577034335303735,0.0005030813734121495,0.00025154068670607473,0.015595522575776632
AD00410,1591,54.152479774885684,16.87449690517853,1.8524085643890014,1,10,1,1,29,0.0006285355122564425,0.006285355122564425,0.0006285355122564425,0.0006285355122564425,0.018227529855436832
AD00412,1353,77.7819941182051,22.55176512143547,3.784768356925667,1,0,2,2,48,0.0007390983000739098,0.0,0.0014781966001478197,0.0014781966001478197,0.03547671840354767
AD00415,2047,45.864802737089704,12.799097947560856,1.3937327444189553,1,1,3,1,88,0.0004885197850512946,0.0004885197850512946,0.0014655593551538837,0.0004885197850512946,0.04298974108451392
AD00416,1934,42.81768406337372,12.947226363144475,2.094780471320818,2,2,6,20,116,0.001034126163391934,0.001034126163391934,0.0031023784901758012,0.010341261633919338,0.05997931747673216
AD00417,3734,55.54550807537012,18.902096688145285,2.113939182013333,1,7,6,12,131,0.0002678093197643278,0.0018746652383502945,0.0016068559185859668,0.0032137118371719335,0.03508302088912694
AD00418,1277,31.87687930307714,9.637943911123802,2.02338618333607,7,8,4,10,152,0.00548159749412686,0.006264682850430697,0.0031323414252153485,0.007830853563038372,0.11902897415818324
AD00419,4197,46.89909818310419,14.652737571576438,1.7173037647012792,0,5,8,27,169,0.0,0.0011913271384322134,0.0019061234214915416,0.006433166547533953,0.04026685727900882
AD00423,3217,44.72896953021881,14.853036664635114,1.9253018377059532,4,7,5,25,213,0.0012433944668946222,0.002175940317065589,0.001554243083618278,0.007771215418091389,0.06621075536213863
AD00427,2839,39.95705510322768,14.708871225329318,1.9243841667298622,3,11,5,16,232,0.0010567101091933778,0.0038746037337090526,0.0017611835153222965,0.005635787249031349,0.08171891511095457
AD00429,6200,46.219964497488384,14.91509240237075,1.1154435384538706,2,12,6,3,91,0.0003225806451612903,0.001935483870967742,0.000967741935483871,0.0004838709677419355,0.01467741935483871
AD00431,3769,55.43518351111915,20.362096911921537,1.9034815151869529,1,15,7,26,178,0.0002653223666755107,0.003979835500132661,0.0018572565667285751,0.00689838153356328,0.047227381268240914
AD00432,1889,41.180537569880926,16.429421901646638,2.3659939352509562,4,13,6,4,161,0.0021175224986765486,0.006881948120698782,0.0031762837480148226,0.0021175224986765486,0.08523028057173107
AD00437,5404,77.97674238912069,25.185493268926475,1.6916918676493737,5,3,7,14,41,0.000925240562546262,0.0005551443375277572,0.0012953367875647669,0.0025906735751295338,0.007586972612879349
AD00438,3719,58.08030529284885,24.207516148948496,2.2085569883850202,0,0,2,8,27,0.0,0.0,0.0005377789728421619,0.0021511158913686476,0.007260016133369185
AD00443,1035,29.93839045051983,13.500868388221273,1.251658703906685,2,2,0,7,23,0.001932367149758454,0.001932367149758454,0.0,0.00676328502415459,0.022222222222222223
AD00444,2377,37.68731047352461,14.861795002928456,1.7807693974374688,0,1,0,0,43,0.0,0.00042069835927639884,0.0,0.0,0.01809002944888515
AD00449,2496,38.22765634230737,12.465130356695111,1.7309445922546773,0,6,5,35,201,0.0,0.002403846153846154,0.002003205128205128,0.014022435897435898,0.08052884615384616
AD00450,1949,34.13283957518166,17.651368527283694,2.173894333846452,1,4,6,20,172,0.000513083632632119,0.002052334530528476,0.0030785017957927143,0.01026167265264238,0.08825038481272447
AD00461,2995,38.729853795738585,12.31766222774309,1.5072966582460963,1,1,4,1,167,0.000333889816360601,0.000333889816360601,0.001335559265442404,0.000333889816360601,0.05575959933222037
AD00471,2852,53.47564188259348,25.794626637048314,2.068907579743321,3,4,7,36,111,0.0010518934081346423,0.001402524544179523,0.0024544179523141654,0.012622720897615708,0.038920056100981766
AD00472,3876,62.27081955649606,28.278836695215126,2.093451919087222,1,3,5,12,78,0.00025799793601651185,0.0007739938080495357,0.0012899896800825593,0.0030959752321981426,0.020123839009287926
AE00028,936,70.99945288278666,25.575961815725297,2.0304675730942594,3,4,5,17,85,0.003205128205128205,0.004273504273504274,0.005341880341880342,0.018162393162393164,0.09081196581196581
AE00226,2686,51.638645785352374,21.630873313611687,2.178602399664818,9,9,4,0,113,0.0033507073715562173,0.0033507073715562173,0.0014892032762472078,0.0,0.042069992553983616
AE00269,2509,53.13209403661665,25.743686786717316,2.501562898467564,3,3,6,10,108,0.0011956954962136308,0.0011956954962136308,0.0023913909924272616,0.0039856516540454365,0.04304503786369071
AE00270,2809,45.469405075108206,18.250874894084443,1.988313791646608,1,14,3,12,126,0.000355998576005696,0.004983980064079744,0.001067995728017088,0.004271982912068352,0.04485582057671769
AE00295,2232,60.356531049250535,27.590859435425845,1.9281283272477232,2,0,3,0,62,0.0008960573476702509,0.0,0.0013440860215053765,0.0,0.027777777777777776
AE00300,2448,72.79320818602798,24.58527306590584,3.0818567005379607,0,2,7,12,100,0.0,0.0008169934640522876,0.0028594771241830064,0.004901960784313725,0.04084967320261438
AE00341,1551,45.03358445678033,18.597059357096498,2.4149461463754505,4,2,2,7,86,0.0025789813023855577,0.0012894906511927789,0.0012894906511927789,0.004513217279174726,0.05544809800128949
AE00447,2776,60.20687473209365,24.663025580348123,2.793027511071985,4,5,5,11,159,0.001440922190201729,0.0018011527377521613,0.0018011527377521613,0.003962536023054755,0.05727665706051873
AF00029,490,39.83363581367211,15.46941198325092,1.9383821572274098,1,1,4,18,99,0.0020408163265306124,0.0020408163265306124,0.00816326530612245,0.036734693877551024,0.20204081632653062
AF00030,509,47.407710141481395,14.491344380089705,1.9624547511114143,1,7,3,22,132,0.0019646365422396855,0.0137524557956778,0.005893909626719057,0.043222003929273084,0.2593320235756385
AF00031,392,40.95823344700678,15.249627781530732,2.125509819343914,1,9,4,10,131,0.002551020408163265,0.02295918367346939,0.01020408163265306,0.025510204081632654,0.33418367346938777
AF00032,8729,49.909409923652056,19.052283779800963,2.09629421986778,3,31,11,45,293,0.00034368197960820253,0.003551380455951426,0.0012601672585634094,0.0051552296941230384,0.03356627334173445
AF00042,409,36.11721791374184,14.397115837803797,2.2748001975112095,3,10,5,30,148,0.007334963325183374,0.02444987775061125,0.012224938875305624,0.07334963325183375,0.36185819070904646
AF00044,266,41.7896579585241,17.12338757560933,1.5876381171409146,2,4,3,9,67,0.007518796992481203,0.015037593984962405,0.011278195488721804,0.03383458646616541,0.2518796992481203
AF00047,645,34.97087490628064,14.739524027396467,2.1651757929795306,6,13,8,26,239,0.009302325581395349,0.020155038759689922,0.012403100775193798,0.040310077519379844,0.3705426356589147
AF00049,560,50.76484887772466,17.10161054326211,4.223727862954086,2,44,12,277,222,0.0035714285714285713,0.07857142857142857,0.02142857142857143,0.49464285714285716,0.3964285714285714
AF00054,560,40.4706130076593,13.37024070048401,2.363868385661167,4,12,5,11,109,0.007142857142857143,0.02142857142857143,0.008928571428571428,0.019642857142857142,0.19464285714285715
AF00056,494,34.26786548861639,13.191536921900283,1.774442092785015,4,8,5,34,185,0.008097165991902834,0.016194331983805668,0.010121457489878543,0.06882591093117409,0.37449392712550605
AF00063,827,49.681411858814116,17.426614781883877,2.042096937993983,3,27,7,9,188,0.0036275695284159614,0.032648125755743655,0.008464328899637243,0.010882708585247884,0.22732769044740025
AF00066,606,35.387120792353514,16.02755980060221,1.8269859769421688,6,9,3,27,254,0.009900990099009901,0.01485148514851485,0.0049504950495049506,0.04455445544554455,0.41914191419141916
AF00071,714,49.19683204109784,14.140811202163817,1.8158169057374742,0,12,9,28,166,0.0,0.01680672268907563,0.012605042016806723,0.0392156862745098,0.23249299719887956
AF00079,324,40.34798676464269,15.526808292021279,1.7990074779868461,1,7,4,4,100,0.0030864197530864196,0.021604938271604937,0.012345679012345678,0.012345679012345678,0.30864197530864196
AF00084,1058,48.01362354927804,14.979951030465216,1.7758673772809745,0,7,7,17,247,0.0,0.006616257088846881,0.006616257088846881,0.01606805293005671,0.2334593572778828
AF00085,894,47.643420192778954,16.310919239071296,2.211140355523492,3,31,8,16,190,0.003355704697986577,0.03467561521252797,0.008948545861297539,0.017897091722595078,0.21252796420581654
AF00087,354,32.35193824751887,13.946624644620874,2.207291929430737,1,2,4,10,64,0.002824858757062147,0.005649717514124294,0.011299435028248588,0.02824858757062147,0.1807909604519774
AF00091,820,46.71566211892767,16.349876021099615,1.9343592134329755,2,10,5,18,214,0.0024390243902439024,0.012195121951219513,0.006097560975609756,0.02195121951219512,0.26097560975609757
AF00092,436,28.406123323978797,7.790917158021346,1.7126226009592174,2,2,9,34,225,0.0045871559633027525,0.0045871559633027525,0.020642201834862386,0.0779816513761468,0.5160550458715596
AF00093,608,41.425656284291385,14.46792825766346,2.045279633821446,1,3,3,18,142,0.001644736842105263,0.004934210526315789,0.004934210526315789,0.029605263157894735,0.23355263157894737
AF00094,1,27.88095238095238,9.543016346927862,0.43439501039380873,0,0,0,2,3,0.0,0.0,0.0,2.0,3.0
AF00095,708,44.117690910828635,17.376216896658722,1.919567550586345,4,13,5,22,194,0.005649717514124294,0.018361581920903956,0.007062146892655367,0.031073446327683617,0.2740112994350282
AF00096,877,48.0936455898731,16.66600493436506,1.781768224013384,2,23,8,16,242,0.002280501710376283,0.026225769669327253,0.009122006841505131,0.018244013683010263,0.2759407069555302
AF00098,1032,50.2775009172068,18.539502463980398,2.5214282358908267,3,47,8,111,307,0.0029069767441860465,0.045542635658914726,0.007751937984496124,0.10755813953488372,0.29748062015503873
AF00102,534,32.719579716765644,9.76090473374505,1.7294192364323835,0,5,5,5,208,0.0,0.009363295880149813,0.009363295880149813,0.009363295880149813,0.3895131086142322
AF00107,1089,53.135935765446554,16.25929279245031,2.0902044029609366,0,55,9,28,274,0.0,0.050505050505050504,0.008264462809917356,0.025711662075298437,0.2516069788797062
AF00108,790,45.212007028858174,16.2014768258506,1.8455113690090754,2,11,5,5,199,0.002531645569620253,0.013924050632911392,0.006329113924050633,0.006329113924050633,0.2518987341772152
AF00111,660,38.6943099009469,20.034707185115252,2.278201156528155,10,11,9,17,246,0.015151515151515152,0.016666666666666666,0.013636363636363636,0.025757575757575757,0.37272727272727274
AF00115,1061,50.524709698718226,15.357699801007634,1.762361881682573,1,16,12,20,222,0.000942507068803016,0.015080113100848256,0.011310084825636193,0.01885014137606032,0.20923656927426956
AF00116,933,48.27089307660795,15.631588561405362,2.0139483788640216,2,35,7,29,221,0.0021436227224008574,0.03751339764201501,0.007502679528403001,0.031082529474812434,0.23687031082529475
AF00119,578,51.90447640811937,17.482562591013302,1.880365566488437,2,43,4,0,146,0.0034602076124567475,0.07439446366782007,0.006920415224913495,0.0,0.25259515570934254
AF00122,938,47.685765831983026,15.126792047458684,1.9202506839861218,5,14,8,30,239,0.005330490405117271,0.014925373134328358,0.008528784648187633,0.031982942430703626,0.2547974413646055
AF00131,703,39.01510212502579,15.273342584794236,1.7147697806450437,2,12,7,34,181,0.002844950213371266,0.017069701280227598,0.00995732574679943,0.04836415362731152,0.2574679943100996
AF00136,581,41.988888286628004,16.60205582064714,2.3238292821178073,4,9,6,16,171,0.0068846815834767644,0.01549053356282272,0.010327022375215147,0.027538726333907058,0.2943201376936317
AF00139,601,47.24043177041438,18.964539474293673,1.988385292391545,7,17,7,27,175,0.011647254575707155,0.028286189683860232,0.011647254575707155,0.04492512479201331,0.2911813643926789
AF00142,1080,54.11965101786456,16.741406344398253,2.441852823152783,3,14,7,25,246,0.002777777777777778,0.012962962962962963,0.006481481481481481,0.023148148148148147,0.22777777777777777
AF00153,929,53.72093357013436,17.464316911547453,2.0965417042861385,2,31,5,23,208,0.002152852529601722,0.03336921420882669,0.005382131324004306,0.024757804090419805,0.2238966630785791
AF00157,279,39.766614563682424,15.871477968910977,1.6497458146992485,1,8,2,4,71,0.0035842293906810036,0.02867383512544803,0.007168458781362007,0.014336917562724014,0.25448028673835127
AF00167,969,49.32072277288678,17.795505836994725,2.1758883312929926,2,72,4,21,279,0.0020639834881320948,0.07430340557275542,0.0041279669762641896,0.021671826625386997,0.28792569659442724
AF00168,621,36.02492982097377,14.14151354715759,2.054076640776994,5,8,7,12,181,0.008051529790660225,0.01288244766505636,0.011272141706924315,0.01932367149758454,0.2914653784219002
AF00169,892,46.067310890825624,17.10054455440999,2.056043842455962,4,19,6,15,265,0.004484304932735426,0.021300448430493273,0.006726457399103139,0.016816143497757848,0.297085201793722
AF00172,368,32.20737003875451,9.847191855066656,1.8328100959999305,2,2,8,8,146,0.005434782608695652,0.005434782608695652,0.021739130434782608,0.021739130434782608,0.3967391304347826
AF00180,1024,49.261292775665396,17.384736140130094,2.07452233564221,0,25,6,27,269,0.0,0.0244140625,0.005859375,0.0263671875,0.2626953125
AF00183,458,40.53236323155216,14.360096622693975,1.2024056945437218,0,6,6,17,150,0.0,0.013100436681222707,0.013100436681222707,0.03711790393013101,0.32751091703056767
AF00184,871,45.23074156656837,16.9583419445601,1.983397201305796,5,9,9,17,202,0.0057405281285878304,0.010332950631458095,0.010332950631458095,0.01951779563719862,0.23191733639494833
AF00185,896,48.35675550405562,18.75850106083937,2.24320208823032,5,24,9,83,317,0.005580357142857143,0.026785714285714284,0.010044642857142858,0.09263392857142858,0.35379464285714285
AF00187,1448,44.66677745085581,19.92102808620389,2.135287430106797,16,46,13,78,479,0.011049723756906077,0.031767955801104975,0.008977900552486187,0.05386740331491713,0.3308011049723757
AF00197,501,45.74571942105761,16.946265228474864,2.570791011111168,3,2,5,12,85,0.005988023952095809,0.003992015968063872,0.00998003992015968,0.023952095808383235,0.16966067864271456
AF00199,1355,35.6482255368394,14.51609130067049,1.9979099206044997,5,8,4,21,148,0.0036900369003690036,0.005904059040590406,0.002952029520295203,0.015498154981549815,0.10922509225092251
AF00214,995,30.47104247104247,14.932180078718899,2.144317419885157,6,2,2,4,60,0.006030150753768844,0.0020100502512562816,0.0020100502512562816,0.004020100502512563,0.06030150753768844
AF00216,2039,32.803730794806285,15.469060256848847,1.3583524124960324,1,3,6,4,113,0.0004904364884747426,0.0014713094654242277,0.0029426189308484553,0.00196174595389897,0.055419323197645906
AF00218,1893,47.928174213748306,21.561114493398243,1.544634457406769,3,5,3,0,100,0.001584786053882726,0.002641310089804543,0.001584786053882726,0.0,0.05282620179609086
AF00220,926,30.484525517524084,8.66912746042146,2.112882611176172,1,1,2,5,90,0.0010799136069114472,0.0010799136069114472,0.0021598272138228943,0.005399568034557235,0.09719222462203024
AF00221,1298,37.15531856713153,14.382602354694523,1.374186997560586,2,1,2,11,84,0.0015408320493066256,0.0007704160246533128,0.0015408320493066256,0.00847457627118644,0.06471494607087827
AF00243,1749,39.504686568781494,15.525680304222224,2.2135798783792837,2,3,0,20,84,0.0011435105774728416,0.0017152658662092624,0.0,0.011435105774728416,0.048027444253859346
AF00244,1419,40.016547101639,13.476070676088694,2.3388247925872503,3,8,6,14,90,0.0021141649048625794,0.005637773079633545,0.004228329809725159,0.009866102889358703,0.06342494714587738
AF00249,2324,39.02537567337681,16.018914065792423,1.9203298407626868,3,7,2,13,148,0.0012908777969018934,0.0030120481927710845,0.0008605851979345956,0.005593803786574871,0.06368330464716007
AF00253,2046,39.33584077730763,13.437467276454095,1.8975673794439778,1,5,3,28,178,0.0004887585532746823,0.0024437927663734115,0.001466275659824047,0.013685239491691105,0.08699902248289346
AF00255,1851,35.47745149449397,15.404292546189625,2.0936946696704477,2,0,4,7,45,0.0010804970286331713,0.0,0.0021609940572663426,0.0037817396002160996,0.024311183144246355
AF00258,1680,45.70786163522013,21.950298370911735,2.3292982888762617,2,5,2,2,66,0.0011904761904761906,0.002976190476190476,0.0011904761904761906,0.0011904761904761906,0.039285714285714285
AF00260,2474,31.750843259196795,17.10510821580194,2.0208947416540024,2,2,7,4,143,0.0008084074373484236,0.0008084074373484236,0.0028294260307194824,0.0016168148746968471,0.05780113177041229
AF00263,1528,49.90314401622718,15.197936218483704,2.04333034863979,1,0,1,3,34,0.0006544502617801048,0.0,0.0006544502617801048,0.001963350785340314,0.02225130890052356
AF00264,1733,32.992552637224556,17.078582835609296,1.7866747554415492,4,9,3,6,135,0.002308136180034622,0.0051933064050779,0.0017311021350259665,0.003462204270051933,0.07789959607616849
AF00266,1646,44.41828186596583,19.30193280285166,2.0112731204008325,2,4,0,6,68,0.001215066828675577,0.002430133657351154,0.0,0.0036452004860267314,0.041312272174969626
AF00273,1167,29.979224973089345,9.751304681661662,2.3830185654411453,0,1,0,8,69,0.0,0.000856898029134533,0.0,0.006855184233076264,0.05912596401028278
AF00275,840,35.71225806451613,12.653164857957515,1.730914271543342,1,2,3,17,88,0.0011904761904761906,0.002380952380952381,0.0035714285714285713,0.02023809523809524,0.10476190476190476
AF00278,1827,38.68750291987853,16.587833236866434,1.8431862648546231,2,9,1,3,88,0.0010946907498631637,0.0049261083743842365,0.0005473453749315818,0.0016420361247947454,0.0481663929939792
AF00288,2060,37.239462246032545,14.456422259345455,2.1842042714269487,4,3,4,1,46,0.001941747572815534,0.0014563106796116505,0.001941747572815534,0.0004854368932038835,0.02233009708737864
AF00305,2206,42.314348059833655,16.10539488358272,1.901629531927103,8,5,3,20,128,0.003626473254759746,0.0022665457842248413,0.0013599274705349048,0.009066183136899365,0.05802357207615594
AF00308,1606,45.54206174200662,18.825612562735724,1.8163205775739746,3,7,3,10,85,0.0018679950186799503,0.0043586550435865505,0.0018679950186799503,0.0062266500622665,0.05292652552926526
AF00311,821,38.98714017212385,12.82748478465626,2.1323045588848393,1,9,5,18,134,0.001218026796589525,0.010962241169305725,0.0060901339829476245,0.02192448233861145,0.16321559074299635
AF00312,1902,34.39820350877193,21.745216266038838,1.8974640795439572,3,5,4,18,150,0.0015772870662460567,0.0026288117770767614,0.002103049421661409,0.00946372239747634,0.07886435331230283
AF00313,2359,34.6587899666272,12.652544435706613,1.8973889734778981,2,4,5,7,155,0.000847816871555744,0.001695633743111488,0.00211954217888936,0.002967359050445104,0.06570580754557016
AF00318,1753,44.79072932814095,23.332504966264054,1.7496154004815032,10,12,3,20,119,0.005704506560182544,0.0068454078722190535,0.0017113519680547634,0.011409013120365089,0.06788362806617228
AF00321,1400,40.342777395427085,15.16774246333977,2.124146844725115,3,4,5,35,147,0.002142857142857143,0.002857142857142857,0.0035714285714285713,0.025,0.105
AF00323,852,35.16023987619293,14.87385875375643,2.413590130049746,1,2,6,0,93,0.0011737089201877935,0.002347417840375587,0.007042253521126761,0.0,0.10915492957746478
AF00329,3167,47.826284208985804,16.532995446661936,1.7380657810745845,8,11,5,1,189,0.0025260498894853173,0.0034733185980423114,0.0015787811809283233,0.00031575623618566466,0.05967792863909062
AF00339,1343,35.898454342821644,14.338908511981261,1.7355950600260281,4,2,10,40,133,0.0029784065524944155,0.0014892032762472078,0.007446016381236039,0.029784065524944156,0.09903201787043932
AF00342,971,38.328106600557796,16.788524058024407,19.92790537320397,10683,10700,7,9,185,11.002059732234809,11.019567456230691,0.007209062821833162,0.009268795056642637,0.19052523171987643
AF00348,850,23.271528739975647,9.812627205284192,1.7783466678654416,3,8,6,2,135,0.0035294117647058825,0.009411764705882352,0.007058823529411765,0.002352941176470588,0.1588235294117647
AF00352,1317,39.56854063240753,13.943421853751374,1.8282566810863436,0,4,4,2,113,0.0,0.0030372057706909645,0.0030372057706909645,0.0015186028853454822,0.08580106302201974
AF00358,1655,29.843731212135225,10.356292043686938,2.1804639903061775,9,7,5,12,97,0.005438066465256798,0.004229607250755287,0.0030211480362537764,0.0072507552870090634,0.05861027190332326
AF00367,1808,40.56042452481325,16.425259029122188,2.21587159593797,0,3,3,31,132,0.0,0.00165929203539823,0.00165929203539823,0.017146017699115043,0.07300884955752213
AF00371,1541,43.74564380218858,16.07216276834974,2.520624511535233,9,8,4,16,109,0.005840363400389357,0.005191434133679429,0.0025957170668397143,0.010382868267358857,0.07073329007138222
AF00372,17,15.209876543209877,6.413173266237481,1.0078932528689872,0,0,17,16,122,0.0,0.0,1.0,0.9411764705882353,7.176470588235294
AF00373,2587,38.51146771189072,15.379208320323027,2.048379833150165,1,5,7,21,248,0.00038654812524159255,0.001932740626207963,0.002705836876691148,0.008117510630073444,0.09586393505991496
AF00375,1647,24.50907186412779,7.768099333442924,2.0600336314743894,2,2,6,0,177,0.0012143290831815423,0.0012143290831815423,0.0036429872495446266,0.0,0.10746812386156648
AF00378,2722,42.028866254503406,16.68393542532936,1.9281658416603804,2,6,4,10,103,0.0007347538574577516,0.002204261572373255,0.0014695077149155032,0.0036737692872887582,0.03783982365907421
AF00379,1218,42.498566614695974,18.443401692569996,1.915527937517593,1,2,4,7,94,0.0008210180623973727,0.0016420361247947454,0.003284072249589491,0.005747126436781609,0.07717569786535304
AF00383,1612,30.68335941575378,17.908231113011738,2.095019893153244,9,5,4,0,169,0.005583126550868486,0.003101736972704715,0.0024813895781637717,0.0,0.10483870967741936
AF00385,3008,45.26964257347101,17.442914534721236,2.2229825148859788,7,12,6,18,137,0.002327127659574468,0.003989361702127659,0.0019946808510638296,0.005984042553191489,0.045545212765957445
AF00389,954,27.67817331895002,8.173120552143747,2.0257589132382843,0,0,2,14,169,0.0,0.0,0.0020964360587002098,0.014675052410901468,0.17714884696016772
AF00390,607,42.90594471003949,17.591049125895754,2.169364926810797,1,1,2,1,47,0.0016474464579901153,0.0016474464579901153,0.0032948929159802307,0.0016474464579901153,0.07742998352553541
AF00393,1497,39.84567372414637,16.498923150576953,2.175809505142412,2,8,7,32,158,0.0013360053440213762,0.005344021376085505,0.004676018704074816,0.02137608550434202,0.10554442217768871
AF00398,1976,36.14924220981396,13.447848086235599,2.167459905676626,9,13,7,0,167,0.004554655870445344,0.006578947368421052,0.00354251012145749,0.0,0.08451417004048584
AF00399,1419,43.18968673367181,16.660299519933485,2.207853541743008,1,15,8,30,162,0.0007047216349541931,0.010570824524312896,0.005637773079633545,0.021141649048625793,0.11416490486257928
AF00401,1780,44.372122922546254,18.890929047850932,1.9951994312647703,5,8,4,18,146,0.0028089887640449437,0.0044943820224719105,0.0022471910112359553,0.010112359550561797,0.08202247191011236
AF00402,1424,41.085680267436004,13.483808855817733,1.9064737953283886,1,4,7,13,79,0.0007022471910112359,0.0028089887640449437,0.0049157303370786515,0.009129213483146067,0.05547752808988764
AF00405,1411,37.89640136327185,16.540045905784126,1.890819880811784,1,0,4,10,93,0.0007087172218284905,0.0,0.002834868887313962,0.007087172218284904,0.06591070163004961
AF00406,620,45.71763863773357,17.52976318314063,1.890398384498738,1,4,3,9,107,0.0016129032258064516,0.0064516129032258064,0.004838709677419355,0.014516129032258065,0.17258064516129032
AF00409,1452,40.3080600784809,13.652857610611596,1.9655448111437088,7,10,6,3,93,0.0048209366391184574,0.006887052341597796,0.004132231404958678,0.002066115702479339,0.0640495867768595
AF00411,1746,40.80721031601889,15.953670060636322,2.442808681765758,2,5,5,6,59,0.001145475372279496,0.0028636884306987398,0.0028636884306987398,0.003436426116838488,0.03379152348224513
AF00413,1571,44.802478041328975,20.417205679152893,1.488495553335614,2,4,2,5,99,0.001273074474856779,0.002546148949713558,0.001273074474856779,0.003182686187141948,0.06301718650541056
AF00414,1230,40.877847113884556,15.815748062761186,1.9818316326835088,2,7,5,26,147,0.0016260162601626016,0.005691056910569106,0.0040650406504065045,0.02113821138211382,0.11951219512195121
AF00420,1535,44.57097752221642,16.41996624591538,1.579875083257144,6,6,5,0,177,0.003908794788273616,0.003908794788273616,0.003257328990228013,0.0,0.11530944625407166
AF00421,1683,45.7782075275525,19.3926326664555,2.1102678535925903,0,3,1,12,111,0.0,0.0017825311942959,0.0005941770647653001,0.0071301247771836,0.0659536541889483
AF00424,1496,39.101298361798534,13.491792751517698,2.0162373576193016,0,7,3,7,106,0.0,0.004679144385026738,0.002005347593582888,0.004679144385026738,0.07085561497326204
AF00426,1562,46.47670974690361,19.01260447906338,2.3355344117798476,1,8,1,1,43,0.0006402048655569782,0.005121638924455826,0.0006402048655569782,0.0006402048655569782,0.027528809218950064
AF00433,1594,23.783223070007608,7.506660757969429,2.3562330112079404,1,0,7,30,329,0.0006273525721455458,0.0,0.00439146800501882,0.018820577164366373,0.20639899623588456
AF00436,1691,33.599855483297205,13.175762187540638,1.7022055770913207,2,2,2,8,103,0.0011827321111768185,0.0011827321111768185,0.0011827321111768185,0.004730928444707274,0.06091070372560615
AF00441,1893,38.25740189828588,13.617918272650506,2.1051039859881793,2,3,5,19,101,0.0010565240359218173,0.001584786053882726,0.002641310089804543,0.010036978341257264,0.05335446381405177
AF00442,1719,37.378164650339336,15.735566990455244,2.4413949009757263,5,8,2,15,89,0.0029086678301337987,0.004653868528214078,0.0011634671320535194,0.008726003490401396,0.051774287376381616
AF00446,1447,42.64911446570783,15.541022450499776,2.6052032712585595,1,5,2,5,52,0.000691085003455425,0.0034554250172771253,0.00138217000691085,0.0034554250172771253,0.0359364201796821
AF00448,2183,43.16930518909411,17.606668054141355,2.0710466473055824,5,13,6,20,150,0.0022904260192395786,0.005955107650022904,0.002748511223087494,0.009161704076958314,0.06871278057718735
AF00459,1943,49.659492978296555,21.973197463793785,1.5897558133577974,3,14,1,4,95,0.001544004117344313,0.007205352547606794,0.000514668039114771,0.002058672156459084,0.048893463715903245
AF00462,2138,36.60606798085503,13.16898508221665,1.8594788976225372,3,2,4,3,52,0.001403180542563143,0.0009354536950420954,0.0018709073900841909,0.001403180542563143,0.02432179607109448
AF00463,1684,33.05944102523113,18.27151472998719,2.467794562682534,7,12,7,8,157,0.004156769596199525,0.007125890736342043,0.004156769596199525,0.004750593824228029,0.09323040380047506
AF00464,466,41.275902211874275,15.535067214514127,1.6640772590398858,4,3,4,5,53,0.008583690987124463,0.006437768240343348,0.008583690987124463,0.01072961373390558,0.11373390557939914
AF00467,635,55.79170460293374,29.643302001354346,1.0844192138900763,2,1,2,1,64,0.0031496062992125984,0.0015748031496062992,0.0031496062992125984,0.0015748031496062992,0.10078740157480315
AM00033,592,60.374653013385974,25.846044479412033,1.694095649423569,6,4,3,19,105,0.010135135135135136,0.006756756756756757,0.005067567567567568,0.03209459459459459,0.17736486486486486
AM00034,11149,63.68273475022848,25.385486402095335,2.009775346014355,4,6,6,16,120,0.0003587765718898556,0.0005381648578347834,0.0005381648578347834,0.0014351062875594225,0.010763297156695668
AM00035,449,54.75189828712696,22.0441677626801,2.0437098394189253,2,3,3,8,54,0.004454342984409799,0.0066815144766146995,0.0066815144766146995,0.017817371937639197,0.12026726057906459
AM00062,1497,66.57390150313032,23.185812917383593,2.069053895150562,2,3,8,18,121,0.0013360053440213762,0.002004008016032064,0.005344021376085505,0.012024048096192385,0.08082832331329326
AM00155,1571,76.63685716814682,23.423624776744585,1.5079451237920236,4,4,8,22,102,0.002546148949713558,0.002546148949713558,0.005092297899427116,0.014003819223424571,0.06492679821769573
AM00176,48,34.11760869565217,20.525442185014253,0.7538802434622125,0,0,2,0,29,0.0,0.0,0.041666666666666664,0.0,0.6041666666666666
AM00196,2136,34.100252084545275,16.239918605289656,1.3852162715346423,2,2,1,0,33,0.0009363295880149813,0.0009363295880149813,0.00046816479400749064,0.0,0.01544943820224719
AM00227,1221,48.27381079636558,21.794090406782708,2.037697093289062,2,7,2,2,90,0.001638001638001638,0.005733005733005733,0.001638001638001638,0.001638001638001638,0.07371007371007371
AM00268,2984,62.393221409874535,23.975774229013293,2.3264949360976175,1,3,7,0,53,0.0003351206434316354,0.0010053619302949062,0.0023458445040214475,0.0,0.017761394101876677
AM00271,649,33.27881109521392,16.947788092119623,2.1817522429210796,2,3,4,14,131,0.0030816640986132513,0.004622496147919877,0.0061633281972265025,0.02157164869029276,0.20184899845916796
AM00274,612,29.670676622418878,13.225278853732805,2.2121691819547378,3,7,6,13,148,0.004901960784313725,0.011437908496732025,0.00980392156862745,0.021241830065359478,0.24183006535947713
AM00282,2949,49.36802760207016,25.297479663277525,2.0615326847955604,2,10,3,10,59,0.0006781959986436081,0.00339097999321804,0.001017293997965412,0.00339097999321804,0.020006781959986435
AM00337,140,46.362070931691186,16.694683117169244,1.6223262452549936,0,0,0,8,31,0.0,0.0,0.0,0.05714285714285714,0.22142857142857142
AM00343,3283,34.252810059058866,17.276926607443198,1.6032061914972033,2,0,6,1,31,0.0006091989034419738,0.0,0.0018275967103259215,0.0003045994517209869,0.009442583003350593
AM00394,2641,31.255133096146427,14.779690724478936,1.3538458221309968,7,4,3,2,150,0.0026505111700113595,0.0015145778114350624,0.001135933358576297,0.0007572889057175312,0.05679666792881484
AM00428,3133,52.02179564799316,22.626203991331753,1.629536022256581,0,2,4,7,80,0.0,0.0006383657835939994,0.0012767315671879987,0.0022342802425789976,0.025534631343759974
