³µÁ¾±àÂë,mileage,avg_speed,sd_speed,sd_speed_diff,speed_plus,speed_minus,tired,slip,dscs,plus_rate,minus_rate,tired_rate,slip_rate,dscs_rate,labels
AA00001,6513,62.79877312509365,27.034993038305416,1.5652977966869013,10,11,15,71,301,0.0015353907569476432,0.0016889298326424073,0.002303086135421465,0.010901274374328269,0.046215261784124065,0
AA00002,749,61.28409008617568,29.13840754418301,1.5535319621034274,1,4,5,11,128,0.0013351134846461947,0.0053404539385847796,0.006675567423230975,0.014686248331108143,0.17089452603471295,0
AA00004,597,52.88528959507945,24.535798257044412,2.051688886625744,6,5,5,14,114,0.010050251256281407,0.008375209380234505,0.008375209380234505,0.02345058626465661,0.19095477386934676,0
AA00036,304,49.51700372270852,27.07788730162439,0.9984271643645456,6,4,4,4,80,0.01973684210526316,0.013157894736842105,0.013157894736842105,0.013157894736842105,0.2631578947368421,0
AA00045,222,49.33039433490697,22.2199543514423,2.1096880954752963,1,3,2,3,53,0.0045045045045045045,0.013513513513513514,0.009009009009009007,0.013513513513513514,0.23873873873873874,0
AA00051,1317,55.81888885903877,25.050657935468635,3.2128101287842505,14,21,9,42,279,0.010630220197418374,0.015945330296127564,0.006833712984054671,0.03189066059225513,0.2118451025056948,0
AA00052,987,60.188976011540525,24.05948789057621,1.7451328551121634,2,1,7,1,116,0.0020263424518743673,0.0010131712259371837,0.007092198581560284,0.0010131712259371837,0.11752786220871328,0
AA00055,681,45.2764762593396,20.11395802229849,1.468236718747907,2,1,5,13,138,0.002936857562408223,0.0014684287812041115,0.007342143906020558,0.01908957415565345,0.2026431718061674,0
AA00060,779,50.527306843267105,22.71151997436573,1.4622390168484376,2,4,7,28,174,0.002567394094993581,0.0051347881899871635,0.008985879332477536,0.035943517329910135,0.2233632862644416,0
AA00061,718,45.95459715639811,20.436876928283567,1.298747765298012,3,3,6,8,169,0.004178272980501393,0.004178272980501393,0.008356545961002786,0.011142061281337049,0.2353760445682451,0
AA00069,1332,58.271012482662975,22.16267834714872,2.528760819019701,7,7,7,29,171,0.0052552552552552565,0.0052552552552552565,0.0052552552552552565,0.02177177177177177,0.12837837837837834,0
AA00118,1323,66.68210078795529,26.41634730738678,2.4962519807226333,20,18,7,20,161,0.015117157974300832,0.013605442176870748,0.005291005291005291,0.015117157974300832,0.12169312169312167,0
AA00125,534,71.83391498128915,14.77846891925447,2.46671158901882,14,18,2,4,41,0.02621722846441948,0.033707865168539325,0.003745318352059925,0.00749063670411985,0.07677902621722846,1
AA00128,1323,78.12245528511106,21.99634136247289,2.051550909012099,7,4,4,12,82,0.005291005291005291,0.0030234315948601664,0.0030234315948601664,0.0090702947845805,0.06198034769463341,0
AA00143,905,49.77436842675919,26.66058677533903,2.2866016736653667,8,5,5,14,83,0.008839779005524863,0.0055248618784530384,0.0055248618784530384,0.015469613259668509,0.09171270718232044,0
AA00146,973,56.975782807552484,26.601392516006808,2.657670834983848,13,10,5,20,163,0.013360739979445016,0.01027749229188078,0.00513874614594039,0.02055498458376156,0.16752312435765673,0
AA00148,1100,61.3764127354559,27.368124209941282,2.483266254885706,13,15,9,24,177,0.011818181818181818,0.013636363636363636,0.00818181818181818,0.02181818181818182,0.16090909090909092,0
AA00154,1472,67.85825360765368,26.806738412458376,1.8913515279815185,3,3,10,40,166,0.002038043478260869,0.002038043478260869,0.006793478260869565,0.02717391304347826,0.11277173913043477,0
AA00160,806,57.67298636419475,26.401883952357373,1.4508676737741182,4,10,7,7,141,0.0049627791563275426,0.01240694789081886,0.008684863523573201,0.008684863523573201,0.17493796526054592,0
AA00164,995,58.47774966000447,27.50691492641843,2.2905369194979825,17,15,11,50,198,0.01708542713567839,0.01507537688442211,0.011055276381909548,0.05025125628140704,0.19899497487437187,0
AA00173,1532,66.12941346964587,23.41605772147469,1.7816927386593158,5,5,8,2,135,0.0032637075718015664,0.0032637075718015664,0.0052219321148825075,0.0013054830287206266,0.0881201044386423,0
AA00188,633,62.94804102365008,22.30626512243285,2.6619674183027326,3,4,9,0,87,0.0047393364928909965,0.00631911532385466,0.014218009478672985,0.0,0.13744075829383887,0
AA00195,4663,68.2518829297882,28.188370514955945,2.0892522719645825,7,3,3,9,56,0.0015011794981771394,0.0006433626420759168,0.0006433626420759168,0.0019300879262277503,0.012009435985417113,0
AA00202,2848,34.994895789025946,18.34481479123496,1.6957420785739874,2,1,6,11,46,0.0007022471910112358,0.000351123595505618,0.002106741573033708,0.0038623595505617976,0.016151685393258428,1
AA00203,469,40.68964851293936,20.776826101776287,1.9856154451689163,2,15,6,4,97,0.004264392324093817,0.031982942430703626,0.01279317697228145,0.008528784648187633,0.2068230277185501,0
AA00211,2629,50.25578585370388,21.437100637963468,2.245346210940043,14,15,7,14,129,0.005325218714340053,0.005705591479650057,0.0026626093571700264,0.005325218714340053,0.04906808672499049,0
AA00212,2875,66.32382357353603,28.576782952270857,2.6068238046408565,6,5,5,29,137,0.0020869565217391303,0.0017391304347826088,0.0017391304347826088,0.01008695652173913,0.04765217391304348,0
AA00219,2385,52.15018242122721,23.644836572482497,2.267923984785619,5,12,7,19,155,0.0020964360587002093,0.005031446540880503,0.0029350104821802936,0.007966457023060796,0.0649895178197065,0
AA00228,3036,48.015222118670394,24.91418794867753,2.8460559703431016,4,4,0,1,38,0.0013175230566534915,0.0013175230566534915,0.0,0.0003293807641633729,0.012516469038208168,0
AA00232,379,43.14341932662877,18.670137034758888,2.052389285196975,7,7,2,1,106,0.018469656992084436,0.018469656992084436,0.0052770448548812654,0.0026385224274406327,0.2796833773087071,2
AA00235,2193,53.09969512989551,22.27906152636553,1.5938953303984689,5,3,7,0,82,0.0022799817601459192,0.001367989056087551,0.0031919744642042863,0.0,0.03739170086639307,0
AA00238,3200,49.21093502377179,24.92382768133668,2.605853295451711,3,4,2,4,38,0.0009375,0.00125,0.000625,0.00125,0.011875,0
AA00239,3937,63.32353723797416,27.716631232309137,2.0443641612701136,2,5,1,1,75,0.0005080010160020321,0.00127000254000508,0.00025400050800101603,0.00025400050800101603,0.0190500381000762,0
AA00251,1995,40.13207302020399,15.082019842181985,1.8502592486313219,0,2,0,11,76,0.0,0.0010025062656641604,0.0,0.005513784461152882,0.0380952380952381,1
AA00262,3118,57.312890220842704,27.18556035229065,1.5489596155515166,1,6,10,8,78,0.0003207184092366901,0.001924310455420141,0.003207184092366902,0.002565747273893521,0.025016035920461838,0
AA00272,3611,62.719338589575116,28.122914902617804,2.3595480762364,1,1,6,5,42,0.00027693159789531985,0.00027693159789531985,0.0016615895873719189,0.0013846579894765993,0.011631127111603436,0
AA00279,2145,73.37641433189657,22.248980235463144,1.9840737512440836,2,0,5,19,59,0.0009324009324009324,0.0,0.002331002331002331,0.008857808857808859,0.0275058275058275,0
AA00281,1367,36.41783588435374,16.295220376170995,1.5775743652750864,8,6,7,2,152,0.005852231163130944,0.0043891733723482075,0.005120702267739576,0.001463057790782736,0.11119239209948792,1
AA00286,4029,49.335995414596866,19.12028433157107,2.4104839176755397,8,13,7,19,191,0.0019856043683296105,0.003226607098535617,0.001737403822288409,0.004715810374782825,0.04740630429386945,1
AA00296,1124,41.242221518486254,19.737511167912906,2.1240180616508635,11,5,6,20,113,0.009786476868327402,0.004448398576512456,0.005338078291814947,0.017793594306049824,0.10053380782918148,1
AA00299,3657,68.11225611023669,27.86963665925385,2.9292233914521786,18,11,5,5,93,0.004922067268252665,0.0030079299972655183,0.0013672409078479626,0.0013672409078479626,0.02543068088597211,0
AA00301,631,32.36148377479647,17.167226646311384,2.5074856111142183,4,10,6,0,112,0.006339144215530904,0.01584786053882726,0.009508716323296357,0.0,0.1774960380348653,2
AA00303,347,35.86429026098027,16.82985334208233,2.1674670739788837,0,0,6,15,103,0.0,0.0,0.01729106628242075,0.04322766570605188,0.2968299711815562,2
AA00306,3137,51.692656088516024,24.564741269539553,3.1159973196990904,7,8,6,9,148,0.0022314313037934334,0.002550207204335352,0.001912655403251514,0.0028689831048772712,0.047178833280204016,0
AA00316,2510,29.768521462639107,11.793499915727232,2.1457161713919013,0,3,1,8,75,0.0,0.001195219123505976,0.0003984063745019921,0.0031872509960159364,0.029880478087649407,1
AA00317,3291,67.48487302409951,28.409582832652287,2.9987537542271347,3,1,2,5,80,0.0009115770282588881,0.0003038590094196293,0.0006077180188392585,0.0015192950470981465,0.024308720753570344,0
AA00322,2504,47.465866196929944,24.102203147612208,1.959119448648316,6,5,3,13,119,0.0023961661341853034,0.0019968051118210857,0.0011980830670926515,0.005191693290734824,0.04752396166134185,0
AA00324,2599,62.41931385006353,27.826244628449587,2.076998836987089,2,6,7,25,92,0.0007695267410542518,0.002308580223162755,0.002693343593689881,0.009619084263178146,0.035398230088495575,0
AA00325,429,34.19486835485494,20.88958845327943,2.3491879497084738,4,5,6,14,49,0.009324009324009324,0.011655011655011656,0.013986013986013986,0.03263403263403263,0.11421911421911422,0
AA00345,1691,28.781077348066297,13.669126843861498,1.6505480478001981,2,2,1,10,28,0.0011827321111768185,0.0011827321111768185,0.0005913660555884093,0.005913660555884093,0.01655824955647546,1
AA00346,1593,38.95213358070501,17.7941978956695,1.990780640410392,3,2,3,14,74,0.0018832391713747645,0.0012554927809165098,0.0018832391713747645,0.008788449466415568,0.04645323289391086,1
AA00364,3716,51.514329447013615,24.635100396211158,2.205542689198579,5,9,7,23,129,0.0013455328310010765,0.0024219590958019376,0.001883745963401507,0.00618945102260495,0.03471474703982777,0
AA00374,3890,52.375173210161655,24.454293658146163,1.608878388670751,1,3,3,27,80,0.00025706940874035993,0.0007712082262210797,0.0007712082262210797,0.006940874035989717,0.02056555269922879,0
AA00377,1929,36.06743552779113,18.39749207682013,1.90939986004444,8,11,6,12,96,0.00414722654224987,0.005702436495593572,0.0031104199066874032,0.0062208398133748065,0.04976671850699845,1
AA00381,4644,29.17390625,12.988777862686367,1.840628316307032,5,2,2,1,51,0.0010766580534022397,0.0004306632213608958,0.0004306632213608958,0.0002153316106804479,0.010981912144702842,1
AA00382,1987,49.98219749652295,26.346555570742606,2.4128265061389422,0,0,4,0,39,0.0,0.0,0.0020130850528434826,0.0,0.01962757926522396,0
AA00388,2036,58.248649729945996,27.30358369909918,2.1852715881132383,2,1,2,13,80,0.0009823182711198428,0.0004911591355599214,0.0009823182711198428,0.0063850687622789785,0.03929273084479371,0
AA00404,3273,59.65700780928894,22.97327270866148,1.920068068283204,2,2,2,11,70,0.0006110601894286588,0.0006110601894286588,0.0006110601894286588,0.003360831041857623,0.021387106630003056,0
AA00408,1127,41.13239006634181,19.360670999263828,1.822557133142153,4,6,8,6,94,0.0035492457852706297,0.005323868677905946,0.007098491570541259,0.005323868677905946,0.0834072759538598,1
AA00422,3889,43.49666619378635,26.245953478663782,2.341181646952689,1,4,2,8,45,0.00025713551041398817,0.0010285420416559527,0.0005142710208279762,0.002057084083311905,0.011571097968629469,0
AA00430,1848,66.32207865168539,24.7562142046522,2.017364768938946,2,2,7,12,51,0.0010822510822510825,0.0010822510822510825,0.0037878787878787884,0.006493506493506494,0.0275974025974026,0
AA00434,1899,39.65656350053362,19.112291946596716,1.5802809944209617,2,1,2,4,66,0.00105318588730911,0.000526592943654555,0.00105318588730911,0.00210637177461822,0.03475513428120063,1
AA00439,3028,47.678540432436506,23.86065297876307,2.390606994280376,5,4,5,10,111,0.0016512549537648616,0.001321003963011889,0.0016512549537648616,0.003302509907529723,0.03665785997357992,0
AA00445,2440,58.92229144222212,27.378303563145753,2.198975184960181,11,7,9,25,146,0.004508196721311476,0.002868852459016393,0.003688524590163935,0.010245901639344263,0.05983606557377049,0
AA00455,2684,47.02388957706601,24.233741929472558,2.5721431747959045,10,8,2,0,63,0.003725782414307005,0.002980625931445604,0.0007451564828614009,0.0,0.023472429210134132,0
AA00456,2530,52.76378525932666,22.83564887532652,1.4408227292102171,0,1,2,12,47,0.0,0.00039525691699604737,0.000790513833992095,0.00474308300395257,0.01857707509881423,0
AA00460,2035,39.60580589254766,17.369682673275758,2.3382211450222177,0,3,3,12,65,0.0,0.0014742014742014742,0.0014742014742014742,0.005896805896805897,0.031941031941031935,1
AB00005,37098,78.99744731374295,25.04548890931588,3.5686199592427896,1,0,2,10,62,2.6955631031322446e-05,0.0,5.391126206264489e-05,0.00026955631031322445,0.0016712491239419913,0
AB00006,12200,37.18666343120602,12.48736329002101,2.0104105300300708,8,17,18,31,394,0.0006557377049180327,0.0013934426229508198,0.0014754098360655738,0.002540983606557377,0.03229508196721311,1
AB00007,16550,58.011435035335495,23.79632660348785,3.0965248472301297,10,9,16,25,299,0.0006042296072507553,0.0005438066465256798,0.0009667673716012083,0.0015105740181268882,0.018066465256797583,0
AB00008,1045,43.89482894250991,13.866120348726914,2.011565732648116,6,17,8,18,269,0.005741626794258372,0.016267942583732056,0.007655502392344499,0.01722488038277512,0.2574162679425837,2
AB00010,2037,50.10346666666667,19.18499709920516,2.2295808063382925,6,2,4,11,92,0.0029455081001472753,0.0009818360333824251,0.0019636720667648502,0.005400098183603338,0.04516445753559156,1
AB00011,12874,41.52212397166865,16.398609693751126,2.2002159835324515,10,42,19,29,429,0.0007767593599502874,0.003262389311791207,0.0014758427839055464,0.002252602143855833,0.03332297654186733,1
AB00012,2235,83.68031854379976,20.62889690178298,2.510127628089482,6,3,7,2,108,0.002684563758389261,0.0013422818791946306,0.003131991051454139,0.0008948545861297539,0.04832214765100671,0
AB00191,2539,51.28295915339729,16.754841127353387,1.9213989598217247,4,5,3,7,60,0.0015754233950374162,0.0019692792437967705,0.0011815675462780624,0.002756990941315479,0.023631350925561245,1
AB00198,1607,42.02178257394085,17.110762770193123,2.314445217321641,1,10,3,6,99,0.0006222775357809582,0.006222775357809583,0.001866832607342875,0.00373366521468575,0.06160547604231487,1
AB00200,1875,46.602771121991864,15.666796812881035,2.2998690898329044,1,4,2,0,52,0.0005333333333333334,0.002133333333333333,0.0010666666666666667,0.0,0.02773333333333333,1
AB00201,6100,61.086227308603,22.07233801613336,2.2949861986333167,0,0,1,0,25,0.0,0.0,0.00016393442622950817,0.0,0.004098360655737704,0
AB00206,2373,41.159234053345735,15.819592515218195,2.4034812137065447,6,8,4,3,120,0.0025284450063211127,0.00337126000842815,0.001685630004214075,0.0012642225031605564,0.05056890012642225,1
AB00210,1782,43.90201105413864,14.3394497159815,2.075945571460461,11,23,11,34,244,0.006172839506172839,0.012906846240179574,0.006172839506172839,0.019079685746352413,0.13692480359147025,1
AB00215,2731,42.3308043760741,15.97443058415254,2.087292015105654,1,18,5,6,108,0.0003661662394727206,0.006590992310508971,0.001830831197363603,0.0021969974368363236,0.03954595386305383,1
AB00230,3377,47.90856438340454,13.106426074438806,2.0401883323462298,4,6,5,13,101,0.0011844832691738226,0.0017767249037607344,0.0014806040864672786,0.003849570624814925,0.029908202546639024,1
AB00234,977,72.8018947015426,23.543682514630603,2.2384721264733587,4,1,1,0,56,0.004094165813715456,0.001023541453428864,0.001023541453428864,0.0,0.057318321392016376,0
AB00237,2092,40.31934940339053,14.325024510522953,1.8997690304594577,2,3,6,12,119,0.0009560229445506693,0.0014340344168260039,0.0028680688336520078,0.0057361376673040155,0.05688336520076483,1
AB00240,3690,52.3859309783162,16.103781103242707,1.8390436635359468,2,9,1,0,39,0.0005420054200542005,0.0024390243902439024,0.00027100271002710027,0.0,0.01056910569105691,1
AB00257,5588,64.29038395019025,23.142033006832442,2.5623210018252465,4,10,2,4,89,0.0007158196134574088,0.0017895490336435219,0.00035790980672870435,0.0007158196134574088,0.015926986399427346,0
AB00261,6497,70.94963223536936,23.012215489716528,1.7294348881994264,1,1,1,6,31,0.00015391719255040788,0.00015391719255040788,0.00015391719255040788,0.0009235031553024472,0.004771432969062643,0
AB00265,7349,61.6187312134156,26.27105838178848,2.536908115917928,2,0,1,0,28,0.00027214587018642,0.0,0.00013607293509320997,0.0,0.003810042182609879,0
AB00276,4967,65.87466487935657,27.71111460906927,2.9183034595038717,1,3,2,5,32,0.00020132876988121604,0.0006039863096436481,0.00040265753976243213,0.0010066438494060802,0.006442520636198913,0
AB00284,-1408,52.10792358416556,18.245138321928962,1.7458875279566752,3,2,7,5,117,-0.002130681818181818,-0.0014204545454545455,-0.004971590909090909,-0.003551136363636363,-0.08309659090909091,1
AB00319,5769,75.64020070838251,23.432405936486923,1.94183118457458,1,3,1,0,26,0.00017334026694401108,0.0005200208008320333,0.00017334026694401108,0.0,0.004506846940544288,0
AB00333,6458,75.82446452476573,24.46653337867943,2.8770513623155463,5,2,1,2,23,0.000774233508826262,0.00030969340353050485,0.00015484670176525242,0.00030969340353050485,0.0035614741406008047,0
AB00334,1645,51.077338296882274,15.857557929801409,1.9667276147010415,1,14,6,7,99,0.0006079027355623102,0.00851063829787234,0.00364741641337386,0.00425531914893617,0.060182370820668685,1
AB00336,3010,51.819085631349786,16.438791442466936,1.998841277385832,2,7,6,10,114,0.000664451827242525,0.002325581395348837,0.0019933554817275745,0.003322259136212625,0.037873754152823916,1
AB00351,6683,67.73151245621632,21.913940831934337,2.4205123564113737,3,2,6,3,109,0.00044890019452341757,0.00029926679634894514,0.0008978003890468351,0.00044890019452341757,0.01631004040101751,0
AB00354,3670,51.77401631376528,15.221901846120598,1.7830791297612885,0,5,3,11,78,0.0,0.0013623978201634875,0.0008174386920980928,0.002997275204359673,0.02125340599455041,1
AB00360,2718,43.93761039616452,14.608805223240664,2.0601978349756567,0,1,1,7,73,0.0,0.0003679175864606328,0.0003679175864606328,0.0025754231052244297,0.026857983811626195,1
AB00362,1373,46.21698400609292,15.783509698837571,1.6506180583706485,5,4,2,0,73,0.0036416605972323384,0.0029133284777858705,0.0014566642388929353,0.0,0.05316824471959213,1
AB00363,3606,47.020610613502846,16.40776739562853,2.2282162589894874,3,2,1,1,59,0.0008319467554076539,0.0005546311702717693,0.0002773155851358846,0.0002773155851358846,0.01636161952301719,1
AB00365,4897,68.69822603149292,22.757440375870573,3.6863606297536564,2,3,2,4,60,0.0004084133142740453,0.0006126199714110679,0.0004084133142740453,0.0008168266285480906,0.01225239942822136,0
AB00370,3250,47.69080208658434,15.064707596725647,1.8854251596948832,1,0,4,6,77,0.00030769230769230765,0.0,0.0012307692307692306,0.0018461538461538461,0.02369230769230769,1
AB00380,1832,36.80537293130809,14.777434535432624,2.089013700742788,5,6,0,3,53,0.002729257641921397,0.003275109170305677,0.0,0.0016375545851528386,0.028930131004366814,1
AB00386,8909,70.03506101938262,23.990740131862005,3.879689233870653,4,5,2,7,115,0.0004489841733078909,0.0005612302166348637,0.00022449208665394546,0.0007857223032888091,0.012908294982601863,0
AB00395,3462,56.096691829484904,19.00559882164557,1.838097422178228,0,2,1,0,35,0.0,0.0005777007510109763,0.00028885037550548814,0.0,0.010109763142692086,1
AB00407,1597,32.240916610501806,11.298238263076694,1.8450840619144504,0,1,4,0,66,0.0,0.0006261740763932372,0.0025046963055729487,0.0,0.04132748904195367,1
AB00425,4874,53.86200242167399,13.887744458666722,1.9460211484949796,2,5,2,8,84,0.0004103405826836274,0.0010258514567090683,0.0004103405826836274,0.0016413623307345096,0.01723430447271235,1
AB00435,430,49.945718013232685,15.361554094958572,2.1068393101375387,0,3,6,0,92,0.0,0.0069767441860465115,0.013953488372093023,0.0,0.21395348837209305,2
AB00440,2276,41.64468023255814,15.794716814752176,2.365566149089907,8,21,5,9,161,0.0035149384885764497,0.00922671353251318,0.0021968365553602814,0.003954305799648506,0.07073813708260106,1
AB00451,1836,44.006837173968094,17.063841332837047,2.0082494785866563,2,2,1,6,47,0.0010893246187363835,0.0010893246187363835,0.0005446623093681918,0.0032679738562091504,0.025599128540305008,1
AB00452,3377,43.316961073326986,14.100173913891465,1.8568606483618149,5,5,5,12,178,0.0014806040864672786,0.0014806040864672786,0.0014806040864672786,0.0035534498075214687,0.05270950547823512,1
AB00453,2909,49.218449125064964,15.038906195355027,2.0181156526363813,8,17,4,13,119,0.002750085940185631,0.005843932622894466,0.0013750429700928155,0.00446888965280165,0.040907528360261264,1
AB00457,2069,41.285526315789475,15.570892243198884,1.9535390676313904,2,1,0,0,42,0.0009666505558240695,0.00048332527791203475,0.0,0.0,0.020299661672305458,1
AB00458,2410,50.135497166409074,15.564307070987166,1.9771494736154247,1,2,3,7,78,0.00041493775933609963,0.0008298755186721991,0.0012448132780082989,0.0029045643153526968,0.03236514522821577,1
AB00465,2484,65.0865756097561,21.79525070845237,10.435800516914718,1201,1212,5,1,148,0.4834943639291465,0.4879227053140097,0.0020128824476650558,0.00040257648953301127,0.059581320450885676,0
AD00003,15138,50.412529347763844,16.412584492764303,1.4115100698160958,2,9,5,11,127,0.0001321178491214163,0.0005945303210463732,0.00033029462280354075,0.0007266481701677898,0.008389483419209936,1
AD00009,572,46.13891844241115,23.241662666570647,1.3348329749240613,4,9,4,13,104,0.006993006993006993,0.015734265734265736,0.006993006993006993,0.022727272727272728,0.18181818181818185,0
AD00013,7565,39.40371320068811,13.675179969397108,2.0027540206233083,5,49,14,25,366,0.0006609385327164572,0.006477197620621282,0.001850627891606081,0.003304692663582287,0.04838070059484468,1
AD00014,11905,41.87319830428639,14.674495949193982,1.8014334741442828,6,29,10,9,239,0.000503989920201596,0.0024359512809743805,0.0008399832003359932,0.0007559848803023938,0.02007559848803024,1
AD00015,269,45.47492114540171,13.851754992280181,2.17845468018267,2,4,1,4,70,0.007434944237918215,0.01486988847583643,0.0037174721189591076,0.01486988847583643,0.26022304832713755,2
AD00016,513,50.4274078862314,15.779537163270115,1.9230671903374321,2,13,5,9,108,0.0038986354775828462,0.025341130604288498,0.009746588693957114,0.017543859649122806,0.21052631578947367,2
AD00017,10249,45.56475877572194,15.076578911344063,2.0943577058894136,4,18,10,19,231,0.0003902819787296322,0.0017562689042833447,0.0009757049468240805,0.0018538393989657527,0.022538784271636258,1
AD00018,508,49.14757427395126,16.702641996152522,2.068790339833679,4,29,5,18,163,0.007874015748031496,0.05708661417322835,0.00984251968503937,0.03543307086614173,0.32086614173228345,2
AD00019,6264,62.963635526497534,29.51230668132235,2.2747269452755203,32,27,20,74,302,0.005108556832694764,0.004310344827586207,0.0031928480204342275,0.01181353767560664,0.04821200510855683,0
AD00020,7543,57.65039624608968,27.197794763343307,2.290223438689868,11,12,16,62,261,0.0014583057139069336,0.0015908789606257456,0.002121171947500994,0.008219541296566353,0.03460161739360997,0
AD00021,9003,61.10378265482032,26.38306449805672,2.4308650377174468,22,25,17,67,344,0.0024436299011440627,0.0027768521603909807,0.0018882594690658669,0.00744196378984783,0.03820948572697989,0
AD00022,7928,61.41053619915243,25.231013928918106,2.4957371984395595,8,8,15,57,357,0.001009081735620585,0.001009081735620585,0.0018920282542885974,0.00718970736629667,0.04503027245206862,0
AD00023,1026,69.37039830703796,23.80259612798427,1.6281140391317892,1,0,5,15,93,0.0009746588693957113,0.0,0.004873294346978557,0.014619883040935672,0.09064327485380116,0
AD00024,455,51.1201656097,24.63781314639614,2.499057374527019,11,24,8,33,108,0.024175824175824177,0.05274725274725275,0.017582417582417582,0.07252747252747252,0.2373626373626373,0
AD00025,21534,49.0432484706729,13.705645718753257,2.0561755293038373,5,17,8,23,150,0.00023219095384043837,0.0007894492430574905,0.0003715055261447014,0.0010680783876660166,0.00696572861521315,1
AD00026,16380,68.53663698086588,23.6978099010038,2.011954446166209,4,4,3,8,60,0.0002442002442002442,0.0002442002442002442,0.00018315018315018315,0.0004884004884004884,0.0036630036630036634,0
AD00027,9887,61.943347596940214,24.571051922477327,1.9271765775863825,10,10,17,48,310,0.0010114291493880851,0.0010114291493880851,0.001719429553959745,0.00485485991706281,0.031354303631030644,0
AD00037,935,62.364076837320994,25.504447254473487,1.6409743073259218,0,2,7,18,102,0.0,0.0021390374331550803,0.007486631016042781,0.019251336898395727,0.10909090909090907,0
AD00038,1259,57.95774574865201,23.00116300068387,2.03356757560142,6,11,7,7,150,0.004765687053216839,0.008737092930897538,0.005559968228752979,0.005559968228752979,0.11914217633042096,0
AD00039,759,41.879678553832036,14.52533427712744,1.794431004035661,9,15,12,20,193,0.011857707509881422,0.01976284584980237,0.015810276679841896,0.026350461133069828,0.25428194993412384,2
AD00040,780,57.955790970168074,27.114428625494718,2.273192612276579,9,9,7,31,128,0.01153846153846154,0.01153846153846154,0.008974358974358974,0.039743589743589734,0.1641025641025641,0
AD00041,1189,62.98532590341101,27.492194172693658,2.4407587614735515,15,14,11,40,183,0.012615643397813287,0.011774600504625737,0.009251471825063078,0.0336417157275021,0.15391084945332212,0
AD00043,1560,60.838334338238134,28.017018958617342,2.450665090117359,11,2,10,50,228,0.007051282051282051,0.001282051282051282,0.00641025641025641,0.03205128205128205,0.14615384615384616,0
AD00046,710,45.91920875701506,15.43547373761201,2.1915269634738626,6,17,6,20,214,0.008450704225352112,0.023943661971830985,0.008450704225352112,0.028169014084507043,0.3014084507042253,2
AD00048,1199,61.45603296954896,28.189752393611823,2.1613761232020385,13,29,12,41,200,0.01084236864053378,0.02418682235195997,0.010008340283569641,0.03419516263552961,0.16680567139282734,0
AD00050,1709,76.43168088480036,23.166818209506946,2.9458739316534936,5,11,4,6,136,0.002925687536571094,0.006436512580456407,0.0023405500292568754,0.003510825043885313,0.07957870099473376,0
AD00053,779,51.89650137258338,26.655208171794637,2.039011226668437,12,16,12,48,149,0.015404364569961491,0.02053915275994865,0.015404364569961491,0.061617458279845966,0.19127086007702185,0
AD00057,870,54.78169307756464,27.355905532494212,2.3273177782073096,18,17,9,49,171,0.020689655172413796,0.019540229885057468,0.010344827586206895,0.056321839080459776,0.19655172413793104,0
AD00058,833,47.900568658525216,16.42827618091616,1.852895672340903,3,22,9,32,205,0.003601440576230492,0.02641056422569028,0.010804321728691477,0.03841536614645858,0.2460984393757503,2
AD00064,610,43.151502416474045,14.680083184581886,1.7863897883137734,1,0,6,25,160,0.001639344262295082,0.0,0.009836065573770493,0.04098360655737705,0.26229508196721313,2
AD00065,1119,57.43948854722309,28.114977412961803,2.7145436854838016,17,22,8,35,212,0.015192135835567468,0.01966041108132261,0.0071492403932082215,0.03127792672028597,0.18945487042001788,0
AD00067,572,40.97137638945743,13.749039455109394,2.42171655718101,2,18,7,4,130,0.0034965034965034965,0.03146853146853147,0.012237762237762238,0.006993006993006993,0.2272727272727273,2
AD00068,895,40.40652107976949,17.22554567080207,1.9607310576174424,7,18,14,59,377,0.00782122905027933,0.02011173184357542,0.01564245810055866,0.0659217877094972,0.4212290502793296,2
AD00070,713,49.98867826313278,25.591523700755626,2.3296685520870133,7,11,7,44,160,0.009817671809256662,0.015427769985974752,0.009817671809256662,0.06171107994389901,0.2244039270687237,0
AD00072,1130,44.952952979036645,16.338929843203967,1.6993324574786082,1,1,9,28,247,0.0008849557522123895,0.0008849557522123895,0.007964601769911504,0.024778761061946902,0.21858407079646014,2
AD00073,922,57.90377633496754,25.93075428530885,1.8634505997398776,2,1,7,28,123,0.0021691973969631237,0.0010845986984815619,0.0075921908893709315,0.030368763557483733,0.1334056399132321,0
AD00074,881,57.98255327068019,27.38555065263596,2.4580041079449377,1,6,7,34,87,0.0011350737797956867,0.00681044267877412,0.007945516458569807,0.03859250851305335,0.09875141884222474,0
AD00075,1116,59.34641482069787,23.603539633290463,2.351422966816935,10,8,9,35,133,0.008960573476702509,0.007168458781362006,0.008064516129032258,0.03136200716845878,0.11917562724014336,0
AD00076,797,51.01419831223629,24.06202842467783,2.671966432461626,4,15,8,37,183,0.005018820577164366,0.018820577164366373,0.010037641154328732,0.04642409033877039,0.2296110414052697,0
AD00077,327,30.543963983992885,11.373512305024722,2.7385140666624164,17,5,12,21,335,0.051987767584097865,0.01529051987767584,0.03669724770642202,0.06422018348623854,1.0244648318042813,2
AD00078,366,39.15915068317403,15.618302446085744,2.0939152642172383,6,7,13,34,184,0.016393442622950817,0.01912568306010929,0.035519125683060114,0.09289617486338797,0.5027322404371585,2
AD00080,656,41.67468961683378,15.407065614804688,2.0019781138265285,12,15,6,10,190,0.018292682926829267,0.022865853658536585,0.009146341463414634,0.01524390243902439,0.2896341463414634,2
AD00081,625,45.70978004225178,16.328743486220265,2.093722472222048,2,18,3,11,135,0.0032,0.0288,0.0048,0.0176,0.21600000000000003,2
AD00082,767,44.17561938171453,16.76742993472384,1.6364744461620069,1,14,5,36,184,0.0013037809647979141,0.018252933507170797,0.00651890482398957,0.0469361147327249,0.23989569752281614,2
AD00083,814,41.735463661171295,14.774676015062845,2.167291029014725,6,13,9,45,372,0.00737100737100737,0.015970515970515967,0.011056511056511056,0.05528255528255528,0.457002457002457,2
AD00086,549,42.281009723437975,14.871730831511734,1.9693525263321512,0,16,5,6,168,0.0,0.029143897996357013,0.009107468123861569,0.01092896174863388,0.30601092896174864,2
AD00088,683,43.66381905459279,16.287518163676992,1.8490505168268152,3,7,11,37,240,0.0043923865300146405,0.010248901903367495,0.016105417276720352,0.05417276720351391,0.3513909224011713,2
AD00089,607,50.568219846289104,16.384403768646127,2.169084187569781,3,17,4,15,134,0.0049423393739703465,0.02800658978583196,0.0065897858319604605,0.02471169686985173,0.22075782537067545,2
AD00090,830,44.598462414578584,14.638005626505391,2.004947896433668,4,31,9,35,218,0.004819277108433735,0.03734939759036145,0.010843373493975905,0.042168674698795185,0.26265060240963856,2
AD00097,308,35.43278059937439,14.584880012127568,1.6628776477892533,9,13,5,6,91,0.02922077922077922,0.042207792207792215,0.016233766233766232,0.01948051948051948,0.2954545454545455,2
AD00099,225,49.58060606060606,17.010100019194415,1.116381291279707,3,3,4,19,79,0.013333333333333334,0.013333333333333334,0.017777777777777778,0.08444444444444445,0.3511111111111111,2
AD00100,799,40.35591903062846,14.142664083896134,2.190956402927443,11,18,10,39,370,0.013767209011264079,0.022528160200250308,0.012515644555694618,0.04881101376720901,0.4630788485607009,2
AD00101,866,50.61117031398668,15.696030298662588,2.1165518968344665,11,30,7,22,199,0.012702078521939952,0.034642032332563515,0.008083140877598153,0.02540415704387991,0.22979214780600465,2
AD00103,1235,47.20985915492958,16.51026687323802,2.064418342167728,21,71,12,47,306,0.01700404858299595,0.05748987854251013,0.0097165991902834,0.038056680161943315,0.24777327935222676,2
AD00104,718,49.613545816733065,16.719421919162713,2.2927393369918274,5,29,6,16,173,0.0069637883008356535,0.0403899721448468,0.008356545961002786,0.02228412256267409,0.24094707520891365,2
AD00106,879,41.697852629171074,15.72068972590832,2.2130449741685343,12,30,12,45,419,0.013651877133105802,0.034129692832764506,0.013651877133105802,0.05119453924914676,0.4766780432309442,2
AD00109,932,45.70528647625603,16.083685235644552,1.9722524408683464,10,44,8,35,184,0.01072961373390558,0.04721030042918455,0.008583690987124462,0.03755364806866953,0.19742489270386265,2
AD00110,592,45.64942468067139,17.795890921855335,1.6972168453925671,1,13,6,24,142,0.0016891891891891893,0.02195945945945946,0.010135135135135136,0.040540540540540536,0.2398648648648649,2
AD00113,816,47.43901390282356,16.721112614117384,1.8605606389293283,2,28,10,51,250,0.0024509803921568627,0.03431372549019608,0.012254901960784314,0.0625,0.30637254901960786,2
AD00114,308,36.216078658183925,16.914583830004894,1.8227271728848056,9,3,10,27,141,0.02922077922077922,0.00974025974025974,0.032467532467532464,0.08766233766233766,0.4577922077922078,2
AD00117,440,41.44889767371142,16.065113225018507,3.1612460351540954,52,53,2,16,105,0.11818181818181818,0.12045454545454545,0.004545454545454545,0.03636363636363636,0.23863636363636365,2
AD00120,643,49.84870568587262,17.56829938066009,2.594449256547411,4,49,4,12,123,0.0062208398133748065,0.07620528771384137,0.0062208398133748065,0.01866251944012442,0.19129082426127528,2
AD00121,734,45.752010946947976,15.621252948549808,2.349619619472498,15,25,6,31,238,0.02043596730245232,0.0340599455040872,0.008174386920980926,0.04223433242506812,0.3242506811989101,2
AD00123,800,52.95549937994849,27.427894490995683,2.3087261015734377,12,9,9,30,126,0.015,0.01125,0.01125,0.0375,0.1575,0
AD00124,1143,59.82490241752708,27.657351002181848,2.5507374678689176,8,7,10,45,184,0.00699912510936133,0.006124234470691163,0.008748906386701663,0.03937007874015748,0.1609798775153106,0
AD00126,1302,69.6920426016311,24.22825927722882,1.831689727754768,3,7,5,20,124,0.002304147465437788,0.005376344086021507,0.0038402457757296467,0.015360983102918587,0.09523809523809523,0
AD00127,872,48.510871217880485,24.01819565399191,2.6009877487742816,9,11,11,49,180,0.010321100917431191,0.01261467889908257,0.01261467889908257,0.05619266055045872,0.20642201834862384,0
AD00129,1140,59.440697380611475,26.197546398411266,2.610418410239208,7,10,10,44,184,0.0061403508771929825,0.008771929824561403,0.008771929824561403,0.038596491228070184,0.16140350877192985,0
AD00130,392,39.35590810688552,16.439466409842012,2.1772131455385058,22,35,8,25,125,0.05612244897959184,0.08928571428571429,0.020408163265306117,0.06377551020408162,0.31887755102040816,2
AD00132,517,42.912844519250996,19.35905786353743,2.283997127423578,13,6,6,36,141,0.025145067698259187,0.01160541586073501,0.01160541586073501,0.06963249516441006,0.2727272727272727,2
AD00133,594,38.92691153550909,13.895102172526617,2.093149642241181,3,8,7,15,170,0.005050505050505051,0.01346801346801347,0.011784511784511785,0.02525252525252525,0.28619528619528617,2
AD00134,874,59.269903349067214,27.169381624043,2.7031376277937893,6,12,8,38,154,0.006864988558352402,0.013729977116704805,0.009153318077803205,0.043478260869565216,0.17620137299771166,0
AD00135,914,62.22099501706753,27.971951172590824,1.9028138195093012,14,12,9,35,130,0.015317286652078776,0.01312910284463895,0.009846827133479213,0.03829321663019693,0.1422319474835886,0
AD00137,892,55.35420420420421,25.948884069006013,2.6582289139935638,5,5,7,29,129,0.005605381165919282,0.005605381165919282,0.007847533632286996,0.032511210762331835,0.1446188340807175,0
AD00138,707,56.716082033034404,27.018798798043214,2.204975392031023,19,18,9,23,127,0.026874115983026883,0.02545968882602546,0.01272984441301273,0.03253182461103253,0.17963224893917965,0
AD00140,905,55.2369298999141,29.296509600743388,2.4266655147836564,17,16,6,35,167,0.01878453038674033,0.017679558011049725,0.0066298342541436465,0.03867403314917127,0.18453038674033148,0
AD00141,1047,58.94003304680393,28.09408377489829,2.0821243033013945,9,12,10,45,175,0.008595988538681949,0.011461318051575931,0.009551098376313277,0.04297994269340974,0.16714422158548234,0
AD00144,1159,65.43189323759039,27.527628233577605,2.0895904600370563,7,9,8,46,147,0.006039689387402934,0.007765314926660914,0.006902502157031924,0.03968938740293356,0.1268334771354616,0
AD00145,1029,58.86247448075723,29.039169193371784,2.36334929755824,3,9,10,43,192,0.002915451895043732,0.008746355685131196,0.009718172983479106,0.041788143828960164,0.18658892128279886,0
AD00147,827,55.970129533067514,27.282017467149053,2.27981498354585,9,9,8,34,140,0.010882708585247884,0.010882708585247884,0.009673518742442565,0.041112454655380895,0.16928657799274485,0
AD00150,1332,68.77972612925213,28.8502583683024,2.6121612384708293,7,7,7,37,173,0.0052552552552552565,0.0052552552552552565,0.0052552552552552565,0.027777777777777776,0.12987987987987987,0
AD00151,1073,58.98014351715325,27.52409199812357,2.6375570759724902,13,10,8,46,189,0.012115563839701773,0.009319664492078284,0.007455731593662628,0.04287045666356011,0.17614165890027958,0
AD00152,764,49.65227705157034,27.29808911071665,2.7446953510116088,14,14,10,37,149,0.01832460732984293,0.01832460732984293,0.013089005235602094,0.04842931937172775,0.1950261780104712,0
AD00156,734,42.395779079861114,19.97595459151948,2.3393895554695594,30,27,10,72,213,0.04087193460490463,0.03678474114441417,0.013623978201634877,0.09809264305177112,0.2901907356948229,2
AD00158,971,58.362590718738744,29.9358414327891,2.3611199881309384,17,12,12,38,159,0.017507723995880537,0.012358393408856848,0.012358393408856848,0.03913491246138002,0.16374871266735325,0
AD00159,1514,74.15347611411879,24.338375205321466,2.5087129327869717,4,4,8,17,118,0.002642007926023778,0.002642007926023778,0.005284015852047556,0.011228533685601056,0.07793923381770146,0
AD00161,1098,55.59882347631155,24.73974654927999,1.9726874999589088,14,11,7,28,217,0.012750455373406194,0.010018214936247723,0.006375227686703097,0.025500910746812388,0.197632058287796,0
AD00162,811,48.07164307935765,22.35182710909863,2.7069336967007693,12,12,13,56,217,0.014796547472256475,0.014796547472256475,0.016029593094944512,0.0690505548705302,0.2675709001233046,0
AD00163,1164,70.24874048468354,29.028191780469502,2.4112961003463065,8,9,6,35,141,0.006872852233676976,0.007731958762886598,0.005154639175257732,0.030068728522336767,0.1211340206185567,0
AD00165,1100,56.27899524821808,27.399048284720784,2.4320096927084878,11,12,12,45,199,0.01,0.01090909090909091,0.01090909090909091,0.040909090909090916,0.1809090909090909,0
AD00166,940,58.18048452220727,28.220468854514927,2.6903453933682404,45,43,10,54,188,0.04787234042553192,0.04574468085106383,0.010638297872340424,0.0574468085106383,0.2,0
AD00170,1265,48.275627377335475,13.842538317256693,1.878128618680771,2,11,3,43,265,0.0015810276679841895,0.008695652173913044,0.002371541501976285,0.033992094861660084,0.20948616600790515,2
AD00171,738,49.871080497584046,17.39832610641095,1.921190944151956,9,28,7,27,196,0.012195121951219513,0.037940379403794036,0.009485094850948507,0.03658536585365853,0.2655826558265583,2
AD00174,1047,63.88448814556148,27.372923718758067,2.1895324987465195,4,7,7,27,107,0.0038204393505253103,0.006685768863419293,0.006685768863419293,0.025787965616045846,0.10219675262655203,0
AD00175,824,56.07698052394709,14.397559955313511,1.5866383781470483,1,12,1,30,109,0.0012135922330097086,0.014563106796116504,0.0012135922330097086,0.03640776699029126,0.13228155339805825,1
AD00178,1097,56.38682507485753,27.651984485926146,2.418386373336754,3,2,7,41,143,0.002734731084776664,0.0018231540565177761,0.006381039197812215,0.0373746581586144,0.13035551504102094,0
AD00179,399,34.50889096203319,12.66775031981025,2.398156578344495,13,35,4,42,184,0.03258145363408521,0.08771929824561403,0.010025062656641605,0.10526315789473684,0.4611528822055138,2
AD00182,730,48.98237895153662,17.604129645947175,2.0202958410663188,4,29,6,31,197,0.0054794520547945215,0.039726027397260284,0.00821917808219178,0.04246575342465753,0.2698630136986301,2
AD00186,599,38.18905203805944,12.418760980795565,2.137541912547668,1,25,4,2,171,0.001669449081803005,0.041736227045075125,0.00667779632721202,0.00333889816360601,0.2854757929883139,2
AD00189,1295,64.82826443270807,26.314833773791218,2.664817267929013,5,3,8,50,189,0.003861003861003861,0.0023166023166023165,0.0061776061776061784,0.03861003861003861,0.14594594594594595,0
AD00190,2236,39.8660187526338,11.875638955679136,2.0823725242875355,6,9,7,3,154,0.0026833631484794273,0.0040250447227191425,0.0031305903398926656,0.0013416815742397135,0.06887298747763862,1
AD00192,8987,43.41393675440258,13.915556285416908,1.8963989425408692,2,1,2,2,37,0.00022254367419606094,0.00011127183709803047,0.00022254367419606094,0.00022254367419606094,0.0041170579726271285,1
AD00193,2818,37.178007592616844,12.432245198681285,1.8475060161232648,3,9,7,2,159,0.00106458481192335,0.00319375443577005,0.00248403122782115,0.0007097232079489,0.05642299503193755,1
AD00194,6625,77.91379549297335,20.434881606811217,2.7977719856661456,2,9,6,6,121,0.00030188679245283015,0.001358490566037736,0.0009056603773584907,0.0009056603773584907,0.018264150943396226,0
AD00204,3502,47.69940929878049,17.114903881251596,1.9885880950896697,1,5,3,10,93,0.00028555111364934324,0.001427755568246716,0.0008566533409480298,0.0028555111364934323,0.02655625356938892,1
AD00205,2264,42.13876853360894,15.011612628094028,1.7940511267796777,2,5,6,20,116,0.00088339222614841,0.002208480565371025,0.00265017667844523,0.0088339222614841,0.051236749116607784,1
AD00207,2232,39.350039376279724,11.464428419837049,1.568404015710502,1,4,4,0,125,0.0004480286738351255,0.0017921146953405016,0.0017921146953405016,0.0,0.05600358422939068,1
AD00208,1818,35.89832214765101,12.476793110103507,1.754585657895565,0,0,3,10,93,0.0,0.0,0.0016501650165016502,0.005500550055005501,0.051155115511551164,1
AD00209,2323,32.29759201563078,11.320902135759546,1.8199052560182567,1,5,6,19,186,0.00043047783039173483,0.0021523891519586737,0.002582866982350409,0.008179078777442962,0.08006887645286268,1
AD00213,138,86.14938602160466,18.257431125047734,1.987418989624548,0,1,1,5,19,0.0,0.007246376811594203,0.007246376811594203,0.036231884057971016,0.13768115942028986,1
AD00223,4541,61.35875618811881,25.151155184529767,3.2387855969262835,0,4,4,3,100,0.0,0.0008808632459810613,0.0008808632459810613,0.0006606474344857961,0.022021581149526532,0
AD00224,6964,62.52659968584215,24.724423103429505,2.123420175035029,1,6,6,9,86,0.00014359563469270534,0.0008615738081562322,0.0008615738081562322,0.001292360712234348,0.01234922458357266,0
AD00225,4450,41.013263525305405,16.040519112493392,2.1983687052713896,0,2,2,0,33,0.0,0.00044943820224719103,0.00044943820224719103,0.0,0.007415730337078651,1
AD00233,1939,40.91841864040924,14.440264644401644,1.7984294676500985,3,2,3,20,137,0.0015471892728210418,0.0010314595152140279,0.0015471892728210418,0.010314595152140279,0.07065497679216091,1
AD00236,4158,51.24104270660011,18.464299664088266,2.1139249110581573,0,0,2,1,35,0.0,0.0,0.00048100048100048096,0.00024050024050024048,0.008417508417508417,1
AD00245,4760,65.36528407110491,29.37498801075665,1.3593167163997766,1,0,0,15,33,0.00021008403361344542,0.0,0.0,0.0031512605042016808,0.006932773109243697,0
AD00246,1098,48.13244371822803,14.635246116366735,1.8709257565990456,2,6,2,0,53,0.0018214936247723133,0.00546448087431694,0.0018214936247723133,0.0,0.0482695810564663,1
AD00247,7370,61.931530494821644,22.79767734077315,1.4531204455261402,0,0,0,3,28,0.0,0.0,0.0,0.00040705563093622793,0.0037991858887381283,0
AD00248,330,22.34310695711163,7.636816094495571,2.5688017551630917,2,2,3,16,111,0.006060606060606061,0.006060606060606061,0.00909090909090909,0.048484848484848485,0.3363636363636364,1
AD00250,2754,39.94446958167085,16.66306973175512,2.1960435031287475,0,17,6,2,246,0.0,0.006172839506172839,0.002178649237472767,0.0007262164124909223,0.08932461873638345,1
AD00252,3381,49.091620750910785,17.02518692039518,1.7944514958845117,2,11,6,7,117,0.0005915409642117716,0.003253475303164744,0.0017746228926353148,0.002070393374741201,0.034605146406388634,1
AD00254,65282,54.72682033874207,21.33064525404976,1.9116833318379047,2,5,8,17,178,3.063631628932937e-05,7.659079072332343e-05,0.00012254526515731752,0.00026040868845929966,0.0027266321497503142,0
AD00256,1551,34.269375,13.972780604577633,1.7867456409629134,0,2,6,6,117,0.0,0.0012894906511927786,0.0038684719535783366,0.0038684719535783366,0.07543520309477758,1
AD00259,2065,41.237047697368425,11.725116112979801,2.0611601975159988,5,3,3,23,128,0.0024213075060532693,0.0014527845036319614,0.0014527845036319614,0.011138014527845037,0.061985472154963674,1
AD00267,3129,78.27010548217602,21.672995915311752,3.411720888722114,5,6,10,16,158,0.0015979546180888466,0.0019175455417066156,0.003195909236177693,0.005113454777884308,0.050495365931607535,0
AD00277,2240,46.01360129922858,15.575807630295255,2.111042290242616,0,0,2,3,51,0.0,0.0,0.0008928571428571427,0.0013392857142857145,0.022767857142857145,1
AD00283,1841,37.06383068426156,15.933451711455927,1.8116710937853155,4,4,6,26,229,0.002172732210755024,0.002172732210755024,0.003259098316132537,0.014122759369907659,0.12438891906572515,1
AD00285,1745,40.281193085122254,15.08266587465174,1.9117647966840348,2,9,4,17,143,0.001146131805157593,0.005157593123209169,0.002292263610315186,0.009742120343839542,0.08194842406876791,1
AD00287,3311,53.21730486840619,19.701180495633192,1.9925369241803401,2,27,6,12,171,0.0006040471156750226,0.008154636061612805,0.001812141347025068,0.003624282694050136,0.051646028390214434,1
AD00289,2662,41.59107676775521,16.65479607619364,2.066964890015312,5,20,7,24,228,0.0018782870022539446,0.0075131480090157785,0.0026296018031555218,0.009015777610818931,0.08564988730277986,1
AD00290,2464,51.68223918575064,27.08468286461259,2.07932276979482,0,1,0,4,29,0.0,0.0004058441558441559,0.0,0.0016233766233766235,0.01176948051948052,0
AD00291,3551,53.07489458115678,20.976823349725226,0.9823320716940858,0,7,4,5,84,0.0,0.0019712756969867645,0.001126443255421008,0.0014080540692762602,0.02365530836384117,0
AD00292,10430,69.8408549127515,23.620395563296288,3.698054602729439,7,11,6,16,196,0.0006711409395973153,0.0010546500479386386,0.0005752636625119846,0.0015340364333652926,0.01879194630872483,0
AD00294,1870,45.084100218096715,14.950797964747881,1.961183919998155,3,10,4,18,88,0.0016042780748663102,0.0053475935828877,0.0021390374331550803,0.009625668449197863,0.047058823529411764,1
AD00297,1563,33.45337743289657,13.617090638773632,2.523446234893023,0,5,6,0,90,0.0,0.0031989763275751763,0.003838771593090211,0.0,0.057581573896353176,1
AD00298,2476,53.61369814442739,14.148836016349485,1.3330897679499618,0,12,2,2,84,0.0,0.004846526655896607,0.0008077544426494346,0.0008077544426494346,0.03392568659127625,1
AD00302,3481,50.668345154944326,16.190649210394184,2.031217253173587,0,3,7,21,196,0.0,0.0008618213157138753,0.0020109164033323764,0.006032749209997128,0.056305659293306526,1
AD00304,2059,42.89651388142994,11.605397599843574,2.118921608213538,2,4,5,28,190,0.0009713453132588637,0.001942690626517727,0.002428363283147159,0.013598834385624087,0.09227780475959203,1
AD00307,1258,27.931332990976447,9.542616564583092,1.8297371243689171,4,8,5,4,154,0.003179650238473768,0.006359300476947536,0.0039745627980922104,0.003179650238473768,0.12241653418124004,1
AD00309,6389,70.94036953111382,21.35503111892884,2.157041865035449,4,11,2,4,104,0.0006260760682422914,0.0017217091876663016,0.0003130380341211457,0.0006260760682422914,0.016277977774299582,0
AD00310,3220,51.36163734776725,18.723120950364663,2.1262238021781,5,12,6,19,171,0.0015527950310559005,0.003726708074534162,0.001863354037267081,0.005900621118012423,0.0531055900621118,1
AD00314,1848,72.10782476576348,19.29710850387861,2.280100931396897,0,0,5,8,41,0.0,0.0,0.002705627705627705,0.004329004329004329,0.022186147186147188,1
AD00315,2075,63.832178994643144,25.113363453043664,2.6634171912093745,6,11,6,18,102,0.002891566265060241,0.005301204819277107,0.002891566265060241,0.008674698795180723,0.0491566265060241,0
AD00320,934,77.23335733455521,24.543230626957797,1.646513897325325,0,1,3,14,44,0.0,0.0010706638115631694,0.0032119914346895075,0.014989293361884369,0.04710920770877945,0
AD00327,3364,37.953771695594135,15.621942663554751,1.8711597704257381,1,2,2,0,40,0.0002972651605231866,0.0005945303210463732,0.0005945303210463732,0.0,0.011890606420927468,1
AD00328,3273,64.82510597565978,24.63181723194809,1.9963267293395919,1,8,2,4,38,0.0003055300947143293,0.0024442407577146353,0.0006110601894286588,0.0012221203788573176,0.011610143599144515,0
AD00331,903,28.281263460157927,14.094471557409895,2.117362569478785,1,1,3,13,96,0.0011074197120708748,0.0011074197120708748,0.003322259136212625,0.014396456256921372,0.106312292358804,1
AD00332,8687,60.766056831451934,26.305279274698496,1.892893754952408,0,1,1,2,29,0.0,0.00011511453896627143,0.00011511453896627143,0.00023022907793254291,0.003338321630021872,0
AD00338,4015,45.370221981591776,16.591924412702365,1.7557322888773474,0,1,1,1,49,0.0,0.00024906600249066,0.00024906600249066,0.00024906600249066,0.012204234122042341,1
AD00340,2251,38.58655973451327,12.493988875284547,1.6828364660609172,2,3,6,7,128,0.0008884940026654821,0.0013327410039982233,0.0026654820079964467,0.003109729009329187,0.05686361617059085,1
AD00344,9136,73.13399672424983,25.01777358261393,2.601705916633489,7,7,4,0,149,0.000766199649737303,0.000766199649737303,0.0004378283712784589,0.0,0.01630910683012259,0
AD00347,2642,46.36812909732728,18.05286775473412,2.3786886187541487,3,2,4,1,54,0.0011355034065102195,0.000757002271006813,0.001514004542013626,0.0003785011355034065,0.02043906131718395,1
AD00349,3336,53.68035862068965,18.944984098490995,2.0505349595761952,6,13,10,13,237,0.0017985611510791368,0.0038968824940047962,0.0029976019184652283,0.0038968824940047962,0.0710431654676259,1
AD00350,4023,57.21990429592989,20.477187551868425,2.040889918791006,1,12,7,10,137,0.00024857071836937607,0.002982848620432513,0.0017399950285856324,0.002485707183693761,0.03405418841660452,0
AD00355,2757,70.4293152609612,24.85123375853251,3.0926633847401312,7,10,6,15,92,0.0025389916575988395,0.003627130939426913,0.002176278563656148,0.00544069640914037,0.033369604642727604,0
AD00357,1656,36.53509592887225,18.849434426428445,2.337652618361368,4,3,1,6,31,0.0024154589371980675,0.0018115942028985507,0.0006038647342995169,0.0036231884057971015,0.018719806763285024,1
AD00359,4216,50.51708960869266,19.265922740801887,1.919120211987697,3,4,4,14,101,0.0007115749525616697,0.0009487666034155598,0.0009487666034155598,0.0033206831119544588,0.023956356736242884,1
AD00361,8656,79.2914441629312,22.990016621063017,2.5703992297979976,3,3,2,2,45,0.0003465804066543438,0.0003465804066543438,0.0002310536044362292,0.0002310536044362292,0.005198706099815157,0
AD00366,3313,51.07180029273052,17.214518073077713,2.0161679231703817,2,9,6,34,230,0.0006036824630244491,0.002716571083610021,0.0018110473890733476,0.010262601871415635,0.06942348324781165,1
AD00368,1879,41.08952367935488,17.613136013759398,1.957026128896396,2,11,1,2,76,0.0010643959552953698,0.005854177754124534,0.0005321979776476849,0.0010643959552953698,0.04044704630122405,1
AD00369,4998,77.67156594480494,26.80747478385177,1.4975353498459472,2,2,2,14,51,0.0004001600640256103,0.0004001600640256103,0.0004001600640256103,0.0028011204481792717,0.010204081632653059,0
AD00376,1705,38.44073015990799,16.589365511151005,2.051091087001861,1,9,1,13,120,0.0005865102639296188,0.005278592375366569,0.0005865102639296188,0.007624633431085044,0.07038123167155426,1
AD00384,3074,36.94126057824995,12.228975115318393,1.9886539902803468,13,15,8,27,237,0.004229017566688354,0.004879635653871178,0.002602472348731295,0.008783344176968121,0.0770982433311646,1
AD00387,2272,70.86646943789799,20.517649625436626,2.1838737252690934,1,2,2,8,53,0.00044014084507042255,0.0008802816901408451,0.0008802816901408451,0.0035211267605633804,0.023327464788732398,0
AD00391,2247,41.042615793470006,13.711403915492495,1.9688536661026736,2,7,7,17,151,0.0008900756564307967,0.003115264797507788,0.003115264797507788,0.007565643079661771,0.06720071206052515,1
AD00392,3536,55.87647954998242,17.99676068045399,2.139522772168796,0,6,7,20,142,0.0,0.0016968325791855204,0.0019796380090497732,0.005656108597285068,0.04015837104072399,1
AD00396,4168,76.75805675805674,14.589423425121806,2.5984863271514977,0,4,1,6,32,0.0,0.0009596928982725527,0.0002399232245681382,0.0014395393474088292,0.007677543186180422,1
AD00397,2906,41.18025698551907,15.32180130143256,2.043263591615877,1,8,9,19,223,0.00034411562284927734,0.002752924982794219,0.0030970406056434964,0.00653819683413627,0.07673778389538885,1
AD00400,1938,64.86180832857958,28.14690065676153,2.662514696572854,8,5,0,9,32,0.0041279669762641896,0.002579979360165119,0.0,0.004643962848297214,0.016511867905056758,0
AD00403,7951,69.37551532868599,25.960425810719794,2.723024324369079,5,10,4,2,124,0.0006288517167651867,0.0012577034335303735,0.0005030813734121495,0.00025154068670607473,0.015595522575776632,0
AD00410,1591,54.152479774885684,16.874496905178532,1.8524085643890011,1,10,1,1,29,0.0006285355122564425,0.006285355122564425,0.0006285355122564425,0.0006285355122564425,0.018227529855436832,1
AD00412,1353,77.78199411820509,22.55176512143547,3.784768356925667,1,0,2,2,48,0.0007390983000739097,0.0,0.0014781966001478194,0.0014781966001478194,0.03547671840354767,0
AD00415,2047,45.864802737089704,12.799097947560856,1.3937327444189551,1,1,3,1,88,0.0004885197850512947,0.0004885197850512947,0.0014655593551538837,0.0004885197850512947,0.04298974108451392,1
AD00416,1934,42.81768406337372,12.947226363144473,2.094780471320818,2,2,6,20,116,0.001034126163391934,0.001034126163391934,0.0031023784901758012,0.010341261633919338,0.059979317476732165,1
AD00417,3734,55.54550807537012,18.902096688145285,2.113939182013333,1,7,6,12,131,0.00026780931976432785,0.0018746652383502945,0.0016068559185859668,0.0032137118371719326,0.03508302088912694,1
AD00418,1277,31.87687930307714,9.637943911123802,2.0233861833360702,7,8,4,10,152,0.0054815974941268605,0.006264682850430697,0.0031323414252153485,0.007830853563038372,0.11902897415818325,1
AD00419,4197,46.89909818310419,14.652737571576438,1.7173037647012792,0,5,8,27,169,0.0,0.0011913271384322134,0.0019061234214915413,0.006433166547533953,0.04026685727900882,1
AD00423,3217,44.72896953021881,14.853036664635114,1.9253018377059528,4,7,5,25,213,0.0012433944668946222,0.002175940317065589,0.001554243083618278,0.007771215418091389,0.06621075536213862,1
AD00427,2839,39.957055103227674,14.708871225329318,1.9243841667298625,3,11,5,16,232,0.0010567101091933776,0.003874603733709053,0.0017611835153222965,0.005635787249031349,0.08171891511095458,1
AD00429,6200,46.219964497488384,14.915092402370751,1.1154435384538706,2,12,6,3,91,0.0003225806451612903,0.0019354838709677422,0.0009677419354838711,0.00048387096774193554,0.01467741935483871,1
AD00431,3769,55.43518351111915,20.362096911921533,1.9034815151869529,1,15,7,26,178,0.0002653223666755107,0.003979835500132661,0.0018572565667285754,0.00689838153356328,0.047227381268240914,0
AD00432,1889,41.180537569880926,16.429421901646634,2.365993935250956,4,13,6,4,161,0.002117522498676549,0.006881948120698782,0.0031762837480148226,0.002117522498676549,0.08523028057173107,1
AD00437,5404,77.97674238912069,25.18549326892648,1.6916918676493735,5,3,7,14,41,0.0009252405625462619,0.0005551443375277572,0.0012953367875647669,0.0025906735751295338,0.007586972612879349,0
AD00438,3719,58.080305292848855,24.207516148948496,2.20855698838502,0,0,2,8,27,0.0,0.0,0.0005377789728421619,0.002151115891368648,0.007260016133369184,0
AD00443,1035,29.93839045051983,13.500868388221273,1.251658703906685,2,2,0,7,23,0.0019323671497584538,0.0019323671497584538,0.0,0.00676328502415459,0.022222222222222227,1
AD00444,2377,37.68731047352461,14.861795002928455,1.7807693974374688,0,1,0,0,43,0.0,0.0004206983592763989,0.0,0.0,0.01809002944888515,1
AD00449,2496,38.22765634230737,12.465130356695113,1.7309445922546771,0,6,5,35,201,0.0,0.002403846153846154,0.002003205128205128,0.014022435897435898,0.08052884615384616,1
AD00450,1949,34.13283957518166,17.651368527283694,2.173894333846452,1,4,6,20,172,0.000513083632632119,0.002052334530528476,0.0030785017957927143,0.010261672652642379,0.08825038481272447,1
AD00461,2995,38.729853795738585,12.317662227743089,1.5072966582460965,1,1,4,1,167,0.000333889816360601,0.000333889816360601,0.001335559265442404,0.000333889816360601,0.05575959933222037,1
AD00471,2852,53.47564188259348,25.794626637048317,2.0689075797433207,3,4,7,36,111,0.0010518934081346423,0.001402524544179523,0.002454417952314165,0.012622720897615708,0.038920056100981766,0
AD00472,3876,62.270819556496065,28.27883669521513,2.093451919087222,1,3,5,12,78,0.0002579979360165118,0.0007739938080495358,0.0012899896800825591,0.0030959752321981426,0.02012383900928793,0
AE00028,936,70.99945288278666,25.575961815725297,2.0304675730942594,3,4,5,17,85,0.003205128205128205,0.004273504273504274,0.005341880341880342,0.018162393162393164,0.0908119658119658,0
AE00226,2686,51.63864578535237,21.630873313611687,2.178602399664818,9,9,4,0,113,0.0033507073715562173,0.0033507073715562173,0.0014892032762472078,0.0,0.042069992553983616,0
AE00269,2509,53.13209403661665,25.74368678671732,2.501562898467564,3,3,6,10,108,0.0011956954962136306,0.0011956954962136306,0.002391390992427261,0.0039856516540454365,0.04304503786369071,0
AE00270,2809,45.46940507510821,18.250874894084447,1.988313791646608,1,14,3,12,126,0.000355998576005696,0.004983980064079744,0.001067995728017088,0.004271982912068352,0.044855820576717685,1
AE00295,2232,60.356531049250535,27.590859435425845,1.9281283272477232,2,0,3,0,62,0.0008960573476702508,0.0,0.0013440860215053767,0.0,0.027777777777777776,0
AE00300,2448,72.79320818602798,24.585273065905838,3.0818567005379607,0,2,7,12,100,0.0,0.0008169934640522876,0.002859477124183007,0.004901960784313725,0.04084967320261438,0
AE00341,1551,45.03358445678033,18.597059357096494,2.4149461463754505,4,2,2,7,86,0.0025789813023855573,0.0012894906511927786,0.0012894906511927786,0.004513217279174726,0.05544809800128949,1
AE00447,2776,60.20687473209365,24.663025580348126,2.7930275110719847,4,5,5,11,159,0.001440922190201729,0.0018011527377521613,0.0018011527377521613,0.003962536023054754,0.057276657060518724,0
AF00029,490,39.83363581367211,15.469411983250922,1.9383821572274096,1,1,4,18,99,0.0020408163265306124,0.0020408163265306124,0.00816326530612245,0.036734693877551024,0.20204081632653065,2
AF00030,509,47.4077101414814,14.491344380089705,1.9624547511114143,1,7,3,22,132,0.001964636542239685,0.0137524557956778,0.005893909626719057,0.04322200392927309,0.2593320235756385,2
AF00031,392,40.95823344700678,15.249627781530734,2.125509819343914,1,9,4,10,131,0.0025510204081632647,0.02295918367346939,0.010204081632653059,0.025510204081632654,0.33418367346938777,2
AF00032,8729,49.90940992365207,19.052283779800966,2.09629421986778,3,31,11,45,293,0.00034368197960820253,0.0035513804559514257,0.0012601672585634096,0.0051552296941230384,0.03356627334173445,1
AF00042,409,36.11721791374185,14.397115837803796,2.274800197511209,3,10,5,30,148,0.007334963325183373,0.02444987775061125,0.012224938875305624,0.07334963325183375,0.3618581907090465,2
AF00044,266,41.7896579585241,17.123387575609332,1.5876381171409146,2,4,3,9,67,0.0075187969924812035,0.015037593984962403,0.011278195488721804,0.03383458646616541,0.2518796992481203,2
AF00047,645,34.97087490628064,14.739524027396467,2.1651757929795306,6,13,8,26,239,0.009302325581395349,0.02015503875968992,0.012403100775193798,0.04031007751937984,0.3705426356589147,2
AF00049,560,50.76484887772466,17.101610543262108,4.223727862954087,2,44,12,277,222,0.0035714285714285718,0.07857142857142857,0.021428571428571432,0.4946428571428572,0.3964285714285714,2
AF00054,560,40.470613007659296,13.37024070048401,2.363868385661167,4,12,5,11,109,0.0071428571428571435,0.021428571428571432,0.008928571428571428,0.019642857142857142,0.19464285714285715,2
AF00056,494,34.26786548861639,13.191536921900285,1.7744420927850149,4,8,5,34,185,0.008097165991902834,0.016194331983805668,0.010121457489878544,0.06882591093117409,0.3744939271255061,2
AF00063,827,49.681411858814116,17.426614781883874,2.042096937993983,3,27,7,9,188,0.003627569528415962,0.03264812575574365,0.008464328899637243,0.010882708585247884,0.22732769044740025,2
AF00066,606,35.387120792353514,16.027559800602212,1.8269859769421688,6,9,3,27,254,0.0099009900990099,0.01485148514851485,0.0049504950495049506,0.04455445544554455,0.4191419141914192,2
AF00071,714,49.19683204109784,14.140811202163816,1.8158169057374745,0,12,9,28,166,0.0,0.01680672268907563,0.012605042016806723,0.0392156862745098,0.2324929971988796,2
AF00079,324,40.347986764642684,15.526808292021279,1.799007477986846,1,7,4,4,100,0.00308641975308642,0.021604938271604937,0.012345679012345678,0.012345679012345678,0.308641975308642,2
AF00084,1058,48.01362354927804,14.979951030465214,1.7758673772809743,0,7,7,17,247,0.0,0.006616257088846882,0.006616257088846882,0.016068052930056708,0.2334593572778828,2
AF00085,894,47.64342019277896,16.310919239071296,2.211140355523492,3,31,8,16,190,0.003355704697986577,0.03467561521252797,0.008948545861297539,0.017897091722595078,0.21252796420581652,2
AF00087,354,32.35193824751887,13.946624644620874,2.207291929430737,1,2,4,10,64,0.002824858757062147,0.005649717514124294,0.011299435028248588,0.02824858757062147,0.1807909604519774,2
AF00091,820,46.71566211892767,16.349876021099615,1.9343592134329757,2,10,5,18,214,0.0024390243902439024,0.012195121951219513,0.006097560975609756,0.021951219512195117,0.2609756097560976,2
AF00092,436,28.4061233239788,7.7909171580213465,1.7126226009592174,2,2,9,34,225,0.004587155963302753,0.004587155963302753,0.020642201834862383,0.0779816513761468,0.5160550458715596,2
AF00093,608,41.425656284291385,14.46792825766346,2.045279633821446,1,3,3,18,142,0.001644736842105263,0.004934210526315789,0.004934210526315789,0.02960526315789473,0.23355263157894735,2
AF00094,1,27.880952380952376,9.543016346927864,0.4343950103938087,0,0,0,2,3,0.0,0.0,0.0,2.0,3.0,2
AF00095,708,44.117690910828635,17.376216896658722,1.919567550586345,4,13,5,22,194,0.005649717514124294,0.01836158192090396,0.007062146892655367,0.031073446327683617,0.2740112994350282,2
AF00096,877,48.093645589873105,16.66600493436506,1.781768224013384,2,23,8,16,242,0.002280501710376283,0.026225769669327253,0.009122006841505131,0.018244013683010263,0.2759407069555302,2
AF00098,1032,50.277500917206794,18.539502463980398,2.5214282358908267,3,47,8,111,307,0.0029069767441860465,0.045542635658914726,0.007751937984496123,0.10755813953488373,0.29748062015503873,2
AF00102,534,32.719579716765644,9.76090473374505,1.7294192364323837,0,5,5,5,208,0.0,0.009363295880149813,0.009363295880149813,0.009363295880149813,0.3895131086142322,1
AF00107,1089,53.13593576544656,16.25929279245031,2.090204402960937,0,55,9,28,274,0.0,0.0505050505050505,0.008264462809917356,0.02571166207529844,0.2516069788797062,2
AF00108,790,45.212007028858174,16.201476825850598,1.8455113690090756,2,11,5,5,199,0.002531645569620253,0.013924050632911392,0.006329113924050633,0.006329113924050633,0.2518987341772152,2
AF00111,660,38.6943099009469,20.03470718511525,2.278201156528155,10,11,9,17,246,0.015151515151515154,0.016666666666666666,0.013636363636363636,0.02575757575757576,0.3727272727272728,2
AF00115,1061,50.524709698718226,15.357699801007636,1.7623618816825732,1,16,12,20,222,0.000942507068803016,0.015080113100848256,0.011310084825636193,0.01885014137606032,0.2092365692742696,2
AF00116,933,48.270893076607955,15.631588561405364,2.0139483788640216,2,35,7,29,221,0.0021436227224008574,0.037513397642015014,0.007502679528403002,0.031082529474812437,0.23687031082529475,2
AF00119,578,51.904476408119365,17.482562591013302,1.8803655664884367,2,43,4,0,146,0.0034602076124567475,0.07439446366782007,0.006920415224913495,0.0,0.2525951557093425,2
AF00122,938,47.68576583198303,15.126792047458684,1.9202506839861215,5,14,8,30,239,0.005330490405117271,0.01492537313432836,0.008528784648187633,0.031982942430703626,0.2547974413646055,2
AF00131,703,39.015102125025784,15.273342584794236,1.7147697806450437,2,12,7,34,181,0.002844950213371266,0.017069701280227598,0.009957325746799429,0.04836415362731152,0.2574679943100996,2
AF00136,581,41.988888286628,16.602055820647138,2.3238292821178077,4,9,6,16,171,0.0068846815834767644,0.015490533562822718,0.010327022375215149,0.027538726333907058,0.2943201376936317,2
AF00139,601,47.24043177041438,18.964539474293677,1.9883852923915448,7,17,7,27,175,0.011647254575707157,0.028286189683860232,0.011647254575707157,0.04492512479201331,0.2911813643926789,2
AF00142,1080,54.11965101786456,16.741406344398253,2.441852823152783,3,14,7,25,246,0.0027777777777777783,0.012962962962962964,0.006481481481481481,0.023148148148148147,0.22777777777777775,2
AF00153,929,53.72093357013436,17.464316911547453,2.0965417042861385,2,31,5,23,208,0.002152852529601722,0.033369214208826686,0.005382131324004306,0.0247578040904198,0.2238966630785791,2
AF00157,279,39.76661456368241,15.871477968910975,1.6497458146992483,1,8,2,4,71,0.003584229390681004,0.028673835125448032,0.007168458781362006,0.014336917562724013,0.2544802867383513,2
AF00167,969,49.32072277288678,17.795505836994728,2.1758883312929926,2,72,4,21,279,0.0020639834881320948,0.07430340557275543,0.0041279669762641896,0.021671826625387,0.28792569659442724,2
AF00168,621,36.024929820973774,14.14151354715759,2.0540766407769944,5,8,7,12,181,0.008051529790660225,0.012882447665056359,0.011272141706924315,0.01932367149758454,0.2914653784219002,2
AF00169,892,46.06731089082562,17.10054455440999,2.056043842455962,4,19,6,15,265,0.004484304932735426,0.021300448430493276,0.006726457399103139,0.016816143497757848,0.297085201793722,2
AF00172,368,32.20737003875451,9.847191855066656,1.8328100959999305,2,2,8,8,146,0.005434782608695652,0.005434782608695652,0.021739130434782608,0.021739130434782608,0.3967391304347826,1
AF00180,1024,49.261292775665396,17.384736140130094,2.07452233564221,0,25,6,27,269,0.0,0.0244140625,0.005859375,0.0263671875,0.2626953125,2
AF00183,458,40.53236323155216,14.360096622693975,1.2024056945437218,0,6,6,17,150,0.0,0.013100436681222708,0.013100436681222708,0.037117903930131015,0.3275109170305677,2
AF00184,871,45.23074156656836,16.9583419445601,1.9833972013057959,5,9,9,17,202,0.00574052812858783,0.010332950631458095,0.010332950631458095,0.019517795637198618,0.23191733639494835,2
AF00185,896,48.35675550405561,18.75850106083937,2.24320208823032,5,24,9,83,317,0.005580357142857143,0.026785714285714284,0.010044642857142858,0.09263392857142858,0.35379464285714285,2
AF00187,1448,44.66677745085581,19.92102808620389,2.135287430106797,16,46,13,78,479,0.011049723756906077,0.031767955801104975,0.008977900552486187,0.05386740331491713,0.3308011049723757,2
AF00197,501,45.74571942105761,16.946265228474864,2.570791011111168,3,2,5,12,85,0.00598802395209581,0.003992015968063872,0.009980039920159679,0.02395209580838324,0.16966067864271456,2
AF00199,1355,35.6482255368394,14.51609130067049,1.9979099206045,5,8,4,21,148,0.003690036900369004,0.005904059040590407,0.0029520295202952033,0.015498154981549815,0.10922509225092253,1
AF00214,995,30.47104247104247,14.9321800787189,2.144317419885157,6,2,2,4,60,0.006030150753768844,0.0020100502512562816,0.0020100502512562816,0.004020100502512563,0.06030150753768844,1
AF00216,2039,32.803730794806285,15.469060256848849,1.3583524124960324,1,3,6,4,113,0.0004904364884747426,0.0014713094654242274,0.0029426189308484553,0.0019617459538989698,0.05541932319764591,1
AF00218,1893,47.92817421374831,21.561114493398247,1.5446344574067692,3,5,3,0,100,0.001584786053882726,0.002641310089804543,0.001584786053882726,0.0,0.05282620179609086,0
AF00220,926,30.484525517524084,8.66912746042146,2.112882611176172,1,1,2,5,90,0.0010799136069114474,0.0010799136069114474,0.0021598272138228947,0.005399568034557235,0.09719222462203024,1
AF00221,1298,37.15531856713153,14.382602354694527,1.374186997560586,2,1,2,11,84,0.0015408320493066256,0.0007704160246533128,0.0015408320493066256,0.00847457627118644,0.06471494607087827,1
AF00243,1749,39.50468656878149,15.525680304222224,2.213579878379284,2,3,0,20,84,0.0011435105774728414,0.0017152658662092624,0.0,0.011435105774728416,0.04802744425385935,1
AF00244,1419,40.016547101639,13.476070676088696,2.3388247925872503,3,8,6,14,90,0.00211416490486258,0.005637773079633545,0.00422832980972516,0.009866102889358705,0.06342494714587738,1
AF00249,2324,39.025375673376814,16.018914065792426,1.9203298407626868,3,7,2,13,148,0.0012908777969018936,0.0030120481927710845,0.0008605851979345956,0.005593803786574871,0.06368330464716007,1
AF00253,2046,39.33584077730763,13.437467276454095,1.8975673794439776,1,5,3,28,178,0.0004887585532746823,0.0024437927663734115,0.0014662756598240471,0.013685239491691105,0.08699902248289346,1
AF00255,1851,35.47745149449397,15.404292546189625,2.093694669670448,2,0,4,7,45,0.0010804970286331713,0.0,0.0021609940572663426,0.0037817396002161,0.024311183144246355,1
AF00258,1680,45.707861635220134,21.950298370911735,2.3292982888762617,2,5,2,2,66,0.0011904761904761904,0.002976190476190476,0.0011904761904761904,0.0011904761904761904,0.039285714285714285,0
AF00260,2474,31.750843259196795,17.10510821580194,2.0208947416540024,2,2,7,4,143,0.0008084074373484237,0.0008084074373484237,0.0028294260307194824,0.0016168148746968473,0.05780113177041229,1
AF00263,1528,49.90314401622718,15.197936218483706,2.04333034863979,1,0,1,3,34,0.0006544502617801048,0.0,0.0006544502617801048,0.001963350785340314,0.02225130890052356,1
AF00264,1733,32.99255263722456,17.078582835609296,1.7866747554415492,4,9,3,6,135,0.002308136180034622,0.0051933064050779,0.0017311021350259663,0.0034622042700519326,0.07789959607616849,1
AF00266,1646,44.418281865965824,19.30193280285166,2.0112731204008325,2,4,0,6,68,0.001215066828675577,0.002430133657351154,0.0,0.0036452004860267314,0.041312272174969626,1
AF00273,1167,29.97922497308934,9.751304681661662,2.3830185654411453,0,1,0,8,69,0.0,0.000856898029134533,0.0,0.006855184233076264,0.05912596401028278,1
AF00275,840,35.712258064516135,12.653164857957515,1.7309142715433419,1,2,3,17,88,0.0011904761904761904,0.0023809523809523807,0.0035714285714285718,0.02023809523809524,0.10476190476190476,1
AF00278,1827,38.68750291987853,16.587833236866437,1.8431862648546231,2,9,1,3,88,0.0010946907498631637,0.0049261083743842365,0.0005473453749315818,0.0016420361247947454,0.0481663929939792,1
AF00288,2060,37.239462246032545,14.456422259345455,2.1842042714269487,4,3,4,1,46,0.001941747572815534,0.0014563106796116505,0.001941747572815534,0.0004854368932038835,0.02233009708737864,1
AF00305,2206,42.314348059833655,16.105394883582722,1.901629531927103,8,5,3,20,128,0.003626473254759746,0.002266545784224841,0.0013599274705349046,0.009066183136899364,0.05802357207615594,1
AF00308,1606,45.54206174200662,18.825612562735728,1.8163205775739744,3,7,3,10,85,0.0018679950186799505,0.0043586550435865505,0.0018679950186799505,0.0062266500622665,0.052926525529265266,1
AF00311,821,38.98714017212385,12.82748478465626,2.1323045588848397,1,9,5,18,134,0.001218026796589525,0.010962241169305723,0.006090133982947625,0.02192448233861145,0.16321559074299635,1
AF00312,1902,34.39820350877193,21.74521626603884,1.8974640795439568,3,5,4,18,150,0.0015772870662460567,0.002628811777076761,0.002103049421661409,0.00946372239747634,0.07886435331230282,0
AF00313,2359,34.6587899666272,12.652544435706613,1.897388973477898,2,4,5,7,155,0.0008478168715557441,0.0016956337431114881,0.0021195421788893602,0.002967359050445104,0.06570580754557016,1
AF00318,1753,44.790729328140955,23.332504966264054,1.7496154004815032,10,12,3,20,119,0.005704506560182543,0.006845407872219054,0.0017113519680547636,0.011409013120365087,0.06788362806617228,0
AF00321,1400,40.34277739542709,15.16774246333977,2.124146844725115,3,4,5,35,147,0.002142857142857143,0.002857142857142857,0.0035714285714285718,0.025,0.105,1
AF00323,852,35.160239876192925,14.87385875375643,2.413590130049746,1,2,6,0,93,0.0011737089201877935,0.002347417840375587,0.007042253521126761,0.0,0.10915492957746477,1
AF00329,3167,47.82628420898582,16.532995446661936,1.7380657810745843,8,11,5,1,189,0.0025260498894853173,0.0034733185980423114,0.0015787811809283233,0.00031575623618566466,0.059677928639090626,1
AF00339,1343,35.89845434282165,14.338908511981261,1.735595060026028,4,2,10,40,133,0.0029784065524944155,0.0014892032762472078,0.007446016381236039,0.029784065524944163,0.09903201787043933,1
AF00342,971,38.328106600557796,16.788524058024407,19.92790537320397,10683,10700,7,9,185,11.002059732234807,11.019567456230693,0.007209062821833163,0.009268795056642637,0.19052523171987645,0
AF00348,850,23.271528739975647,9.812627205284194,1.7783466678654416,3,8,6,2,135,0.003529411764705883,0.009411764705882352,0.007058823529411766,0.002352941176470588,0.1588235294117647,1
AF00352,1317,39.56854063240753,13.943421853751376,1.828256681086344,0,4,4,2,113,0.0,0.0030372057706909645,0.0030372057706909645,0.0015186028853454822,0.08580106302201974,1
AF00358,1655,29.843731212135225,10.356292043686937,2.180463990306177,9,7,5,12,97,0.005438066465256798,0.004229607250755287,0.0030211480362537764,0.007250755287009063,0.05861027190332326,1
AF00367,1808,40.56042452481325,16.425259029122188,2.2158715959379705,0,3,3,31,132,0.0,0.00165929203539823,0.00165929203539823,0.017146017699115043,0.07300884955752213,1
AF00371,1541,43.745643802188575,16.07216276834974,2.520624511535233,9,8,4,16,109,0.005840363400389357,0.005191434133679429,0.0025957170668397143,0.010382868267358855,0.07073329007138222,1
AF00372,17,15.209876543209875,6.413173266237481,1.0078932528689872,0,0,17,16,122,0.0,0.0,1.0,0.9411764705882352,7.1764705882352935,2
AF00373,2587,38.51146771189072,15.379208320323027,2.048379833150165,1,5,7,21,248,0.00038654812524159255,0.001932740626207963,0.002705836876691148,0.008117510630073444,0.09586393505991496,1
AF00375,1647,24.50907186412779,7.768099333442924,2.060033631474389,2,2,6,0,177,0.0012143290831815425,0.0012143290831815425,0.0036429872495446266,0.0,0.10746812386156647,1
AF00378,2722,42.028866254503406,16.68393542532936,1.9281658416603804,2,6,4,10,103,0.0007347538574577517,0.002204261572373255,0.0014695077149155034,0.0036737692872887587,0.03783982365907421,1
AF00379,1218,42.49856661469597,18.44340169257,1.9155279375175929,1,2,4,7,94,0.0008210180623973727,0.0016420361247947454,0.003284072249589491,0.005747126436781609,0.07717569786535304,1
AF00383,1612,30.68335941575378,17.908231113011738,2.0950198931532444,9,5,4,0,169,0.005583126550868486,0.003101736972704715,0.0024813895781637717,0.0,0.10483870967741936,1
AF00385,3008,45.26964257347101,17.442914534721233,2.2229825148859788,7,12,6,18,137,0.002327127659574468,0.003989361702127659,0.0019946808510638296,0.005984042553191489,0.04554521276595745,1
AF00389,954,27.67817331895002,8.173120552143747,2.0257589132382843,0,0,2,14,169,0.0,0.0,0.0020964360587002093,0.014675052410901468,0.17714884696016772,1
AF00390,607,42.90594471003949,17.591049125895754,2.169364926810797,1,1,2,1,47,0.0016474464579901151,0.0016474464579901151,0.0032948929159802307,0.0016474464579901151,0.07742998352553541,1
AF00393,1497,39.845673724146366,16.498923150576953,2.175809505142412,2,8,7,32,158,0.0013360053440213762,0.005344021376085505,0.0046760187040748155,0.02137608550434202,0.10554442217768872,1
AF00398,1976,36.14924220981396,13.447848086235599,2.167459905676626,9,13,7,0,167,0.004554655870445344,0.006578947368421052,0.00354251012145749,0.0,0.08451417004048584,1
AF00399,1419,43.189686733671806,16.660299519933485,2.2078535417430083,1,15,8,30,162,0.0007047216349541931,0.010570824524312895,0.005637773079633545,0.021141649048625796,0.11416490486257927,1
AF00401,1780,44.372122922546254,18.890929047850925,1.9951994312647705,5,8,4,18,146,0.002808988764044944,0.0044943820224719105,0.0022471910112359553,0.010112359550561795,0.08202247191011236,1
AF00402,1424,41.085680267436,13.483808855817733,1.9064737953283888,1,4,7,13,79,0.0007022471910112358,0.002808988764044944,0.004915730337078652,0.009129213483146069,0.05547752808988764,1
AF00405,1411,37.89640136327185,16.540045905784126,1.8908198808117842,1,0,4,10,93,0.0007087172218284906,0.0,0.0028348688873139623,0.007087172218284905,0.06591070163004961,1
AF00406,620,45.71763863773357,17.52976318314063,1.890398384498738,1,4,3,9,107,0.0016129032258064516,0.0064516129032258064,0.004838709677419355,0.014516129032258062,0.17258064516129032,2
AF00409,1452,40.3080600784809,13.652857610611596,1.9655448111437088,7,10,6,3,93,0.0048209366391184574,0.006887052341597796,0.004132231404958678,0.002066115702479339,0.0640495867768595,1
AF00411,1746,40.80721031601889,15.953670060636323,2.4428086817657584,2,5,5,6,59,0.001145475372279496,0.0028636884306987398,0.0028636884306987398,0.003436426116838488,0.03379152348224513,1
AF00413,1571,44.802478041328975,20.417205679152893,1.488495553335614,2,4,2,5,99,0.0012730744748567788,0.0025461489497135576,0.0012730744748567788,0.003182686187141948,0.06301718650541056,0
AF00414,1230,40.87784711388456,15.815748062761186,1.9818316326835088,2,7,5,26,147,0.0016260162601626016,0.005691056910569106,0.0040650406504065045,0.02113821138211382,0.1195121951219512,1
AF00420,1535,44.570977522216424,16.419966245915383,1.579875083257144,6,6,5,0,177,0.003908794788273616,0.003908794788273616,0.0032573289902280127,0.0,0.11530944625407165,1
AF00421,1683,45.7782075275525,19.3926326664555,2.1102678535925903,0,3,1,12,111,0.0,0.0017825311942959,0.0005941770647653001,0.0071301247771836,0.0659536541889483,1
AF00424,1496,39.10129836179853,13.491792751517696,2.0162373576193016,0,7,3,7,106,0.0,0.0046791443850267385,0.002005347593582888,0.0046791443850267385,0.07085561497326204,1
AF00426,1562,46.47670974690361,19.01260447906338,2.335534411779848,1,8,1,1,43,0.0006402048655569782,0.005121638924455826,0.0006402048655569782,0.0006402048655569782,0.02752880921895006,1
AF00433,1594,23.78322307000761,7.506660757969429,2.3562330112079404,1,0,7,30,329,0.0006273525721455458,0.0,0.00439146800501882,0.018820577164366373,0.20639899623588456,1
AF00436,1691,33.599855483297205,13.175762187540636,1.7022055770913207,2,2,2,8,103,0.0011827321111768185,0.0011827321111768185,0.0011827321111768185,0.004730928444707274,0.06091070372560615,1
AF00441,1893,38.257401898285885,13.617918272650506,2.1051039859881797,2,3,5,19,101,0.0010565240359218173,0.001584786053882726,0.002641310089804543,0.010036978341257264,0.05335446381405177,1
AF00442,1719,37.378164650339336,15.735566990455244,2.4413949009757263,5,8,2,15,89,0.0029086678301337987,0.004653868528214078,0.0011634671320535194,0.008726003490401396,0.051774287376381616,1
AF00446,1447,42.649114465707825,15.541022450499776,2.6052032712585595,1,5,2,5,52,0.000691085003455425,0.003455425017277125,0.00138217000691085,0.003455425017277125,0.0359364201796821,1
AF00448,2183,43.1693051890941,17.606668054141355,2.0710466473055824,5,13,6,20,150,0.0022904260192395786,0.005955107650022904,0.002748511223087494,0.009161704076958314,0.06871278057718735,1
AF00459,1943,49.65949297829657,21.973197463793785,1.5897558133577974,3,14,1,4,95,0.0015440041173443132,0.007205352547606794,0.000514668039114771,0.002058672156459084,0.04889346371590325,0
AF00462,2138,36.60606798085503,13.168985082216652,1.8594788976225367,3,2,4,3,52,0.001403180542563143,0.0009354536950420953,0.0018709073900841906,0.001403180542563143,0.02432179607109448,1
AF00463,1684,33.05944102523113,18.271514729987192,2.467794562682534,7,12,7,8,157,0.004156769596199525,0.007125890736342044,0.004156769596199525,0.004750593824228029,0.09323040380047506,1
AF00464,466,41.27590221187428,15.535067214514127,1.6640772590398858,4,3,4,5,53,0.008583690987124462,0.006437768240343348,0.008583690987124462,0.01072961373390558,0.11373390557939915,1
AF00467,635,55.79170460293374,29.643302001354343,1.0844192138900763,2,1,2,1,64,0.0031496062992125984,0.0015748031496062992,0.0031496062992125984,0.0015748031496062992,0.10078740157480316,0
AM00033,592,60.374653013385974,25.846044479412036,1.694095649423569,6,4,3,19,105,0.010135135135135136,0.006756756756756757,0.005067567567567568,0.032094594594594586,0.17736486486486486,0
AM00034,11149,63.682734750228484,25.385486402095328,2.0097753460143553,4,6,6,16,120,0.0003587765718898556,0.0005381648578347834,0.0005381648578347834,0.0014351062875594225,0.010763297156695668,0
AM00035,449,54.75189828712696,22.0441677626801,2.0437098394189253,2,3,3,8,54,0.004454342984409799,0.0066815144766147,0.0066815144766147,0.017817371937639197,0.1202672605790646,0
AM00062,1497,66.57390150313032,23.185812917383593,2.0690538951505615,2,3,8,18,121,0.0013360053440213762,0.002004008016032064,0.005344021376085505,0.012024048096192385,0.08082832331329326,0
AM00155,1571,76.6368571681468,23.423624776744585,1.5079451237920236,4,4,8,22,102,0.0025461489497135576,0.0025461489497135576,0.005092297899427115,0.014003819223424571,0.06492679821769573,0
AM00176,48,34.11760869565217,20.525442185014256,0.7538802434622125,0,0,2,0,29,0.0,0.0,0.04166666666666666,0.0,0.6041666666666666,2
AM00196,2136,34.100252084545275,16.239918605289656,1.3852162715346423,2,2,1,0,33,0.0009363295880149813,0.0009363295880149813,0.00046816479400749053,0.0,0.01544943820224719,1
AM00227,1221,48.273810796365574,21.794090406782708,2.037697093289062,2,7,2,2,90,0.001638001638001638,0.005733005733005733,0.001638001638001638,0.001638001638001638,0.07371007371007371,0
AM00268,2984,62.393221409874535,23.97577422901329,2.326494936097617,1,3,7,0,53,0.00033512064343163534,0.0010053619302949062,0.0023458445040214475,0.0,0.017761394101876674,0
AM00271,649,33.278811095213925,16.947788092119623,2.18175224292108,2,3,4,14,131,0.0030816640986132517,0.004622496147919877,0.006163328197226503,0.02157164869029276,0.201848998459168,2
AM00274,612,29.67067662241888,13.225278853732805,2.2121691819547378,3,7,6,13,148,0.004901960784313725,0.011437908496732024,0.00980392156862745,0.02124183006535948,0.24183006535947715,2
AM00282,2949,49.36802760207016,25.29747966327752,2.0615326847955604,2,10,3,10,59,0.0006781959986436081,0.00339097999321804,0.001017293997965412,0.00339097999321804,0.02000678195998644,0
AM00337,140,46.362070931691186,16.694683117169244,1.6223262452549936,0,0,0,8,31,0.0,0.0,0.0,0.057142857142857134,0.22142857142857145,2
AM00343,3283,34.25281005905886,17.276926607443198,1.6032061914972031,2,0,6,1,31,0.0006091989034419737,0.0,0.001827596710325921,0.00030459945172098686,0.009442583003350592,1
AM00394,2641,31.25513309614643,14.779690724478936,1.3538458221309968,7,4,3,2,150,0.0026505111700113595,0.0015145778114350624,0.0011359333585762971,0.0007572889057175312,0.05679666792881484,1
AM00428,3133,52.02179564799315,22.626203991331753,1.6295360222565811,0,2,4,7,80,0.0,0.0006383657835939994,0.0012767315671879987,0.0022342802425789976,0.02553463134375997,0
